/*
 Navicat Premium Data Transfer

 Source Server         : mysql
 Source Server Type    : MySQL
 Source Server Version : 80027
 Source Host           : localhost:3306
 Source Schema         : nest_admin

 Target Server Type    : MySQL
 Target Server Version : 80027
 File Encoding         : 65001

 Date: 09/04/2025 00:52:37
*/

SET NAMES utf8mb4;
SET FOREIGN_KEY_CHECKS = 0;

-- ----------------------------
-- Table structure for sys_captcha_log
-- ----------------------------
DROP TABLE IF EXISTS `sys_captcha_log`;
CREATE TABLE `sys_captcha_log` (
  `id` varchar(36) CHARACTER SET utf8mb4 COLLATE utf8mb4_0900_ai_ci NOT NULL,
  `created_at` datetime(6) NOT NULL DEFAULT CURRENT_TIMESTAMP(6),
  `updated_at` datetime(6) NOT NULL DEFAULT CURRENT_TIMESTAMP(6),
  `account` varchar(255) CHARACTER SET utf8mb4 COLLATE utf8mb4_0900_ai_ci DEFAULT NULL COMMENT '账号',
  `code` varchar(255) CHARACTER SET utf8mb4 COLLATE utf8mb4_0900_ai_ci DEFAULT NULL COMMENT '验证码',
  `provider` varchar(255) CHARACTER SET utf8mb4 COLLATE utf8mb4_0900_ai_ci DEFAULT NULL COMMENT '验证码提供商',
  PRIMARY KEY (`id`) USING BTREE
) ENGINE=InnoDB DEFAULT CHARSET=utf8mb4 COLLATE=utf8mb4_0900_ai_ci ROW_FORMAT=DYNAMIC;

-- ----------------------------
-- Records of sys_captcha_log
-- ----------------------------
BEGIN;
COMMIT;

-- ----------------------------
-- Table structure for sys_dept
-- ----------------------------
DROP TABLE IF EXISTS `sys_dept`;
CREATE TABLE `sys_dept` (
  `id` varchar(36) CHARACTER SET utf8mb4 COLLATE utf8mb4_0900_ai_ci NOT NULL,
  `created_at` datetime(6) NOT NULL DEFAULT CURRENT_TIMESTAMP(6),
  `updated_at` datetime(6) NOT NULL DEFAULT CURRENT_TIMESTAMP(6),
  `created_by` varchar(255) CHARACTER SET utf8mb4 COLLATE utf8mb4_0900_ai_ci DEFAULT NULL COMMENT '创建人',
  `updated_by` varchar(255) CHARACTER SET utf8mb4 COLLATE utf8mb4_0900_ai_ci DEFAULT NULL COMMENT '修改者',
  `name` varchar(50) CHARACTER SET utf8mb4 COLLATE utf8mb4_0900_ai_ci NOT NULL COMMENT '部门名称',
  `order` int DEFAULT '0' COMMENT '排序',
  `default` tinyint NOT NULL DEFAULT '0' COMMENT '是否系统默认部门',
  `mpath` varchar(255) CHARACTER SET utf8mb4 COLLATE utf8mb4_0900_ai_ci DEFAULT '',
  `parentId` varchar(36) CHARACTER SET utf8mb4 COLLATE utf8mb4_0900_ai_ci DEFAULT NULL,
  PRIMARY KEY (`id`) USING BTREE,
  KEY `FK_c75280b01c49779f2323536db67` (`parentId`) USING BTREE,
  CONSTRAINT `FK_c75280b01c49779f2323536db67` FOREIGN KEY (`parentId`) REFERENCES `sys_dept` (`id`) ON DELETE SET NULL
) ENGINE=InnoDB DEFAULT CHARSET=utf8mb4 COLLATE=utf8mb4_0900_ai_ci ROW_FORMAT=DYNAMIC;

-- ----------------------------
-- Records of sys_dept
-- ----------------------------
BEGIN;
INSERT INTO `sys_dept` (`id`, `created_at`, `updated_at`, `created_by`, `updated_by`, `name`, `order`, `default`, `mpath`, `parentId`) VALUES ('30117850-21c4-4b7f-8d56-9cf277937df5', '2025-02-21 16:51:23.136053', '2025-02-21 16:51:23.136053', 'superadmin', NULL, '华北', 1, 0, '30117850-21c4-4b7f-8d56-9cf277937df5.', NULL);
INSERT INTO `sys_dept` (`id`, `created_at`, `updated_at`, `created_by`, `updated_by`, `name`, `order`, `default`, `mpath`, `parentId`) VALUES ('73606857-fbc5-494c-89a3-986aa728c769', '2025-03-09 15:32:02.084182', '2025-03-09 15:32:02.084182', '7eddd6ca-b564-4a53-be05-a1db1c962c6f', NULL, '运维', 1, 0, 'b2bd8a3d-7c67-43de-a0c8-136a6e1ac862.73606857-fbc5-494c-89a3-986aa728c769.', 'b2bd8a3d-7c67-43de-a0c8-136a6e1ac862');
INSERT INTO `sys_dept` (`id`, `created_at`, `updated_at`, `created_by`, `updated_by`, `name`, `order`, `default`, `mpath`, `parentId`) VALUES ('a1ac5353-6fac-4918-8e5f-4b0fbc3e3af0', '2025-02-21 16:52:24.458666', '2025-02-21 16:52:24.458666', 'superadmin', NULL, '研发部', 1, 1, '30117850-21c4-4b7f-8d56-9cf277937df5.a1ac5353-6fac-4918-8e5f-4b0fbc3e3af0.', '30117850-21c4-4b7f-8d56-9cf277937df5');
INSERT INTO `sys_dept` (`id`, `created_at`, `updated_at`, `created_by`, `updated_by`, `name`, `order`, `default`, `mpath`, `parentId`) VALUES ('b2bd8a3d-7c67-43de-a0c8-136a6e1ac862', '2025-02-21 16:51:55.978566', '2025-02-21 16:51:55.978566', 'superadmin', NULL, '华南', 2, 0, 'b2bd8a3d-7c67-43de-a0c8-136a6e1ac862.', NULL);
COMMIT;

-- ----------------------------
-- Table structure for sys_dict_item
-- ----------------------------
DROP TABLE IF EXISTS `sys_dict_item`;
CREATE TABLE `sys_dict_item` (
  `id` varchar(36) NOT NULL,
  `created_at` datetime(6) NOT NULL DEFAULT CURRENT_TIMESTAMP(6),
  `updated_at` datetime(6) NOT NULL DEFAULT CURRENT_TIMESTAMP(6),
  `created_by` varchar(255) DEFAULT NULL COMMENT '创建人',
  `updated_by` varchar(255) DEFAULT NULL COMMENT '修改者',
  `label` varchar(50) NOT NULL,
  `value` varchar(50) NOT NULL,
  `order` int DEFAULT NULL COMMENT '字典项排序',
  `status` tinyint NOT NULL DEFAULT '1',
  `remark` varchar(255) DEFAULT NULL,
  `type_id` varchar(36) DEFAULT NULL,
  PRIMARY KEY (`id`)
) ENGINE=InnoDB DEFAULT CHARSET=utf8mb4 COLLATE=utf8mb4_0900_ai_ci;

-- ----------------------------
-- Records of sys_dict_item
-- ----------------------------
BEGIN;
INSERT INTO `sys_dict_item` (`id`, `created_at`, `updated_at`, `created_by`, `updated_by`, `label`, `value`, `order`, `status`, `remark`, `type_id`) VALUES ('fa64cc3a-cdf7-44ea-922e-b22fd93c3a89', '2025-03-23 00:51:47.667785', '2025-03-23 00:51:47.667785', NULL, NULL, '测试字典项', 'test', 1, 1, '测试字典项', 'a8061ab8-fb27-476a-b46b-f01021f66c96');
COMMIT;

-- ----------------------------
-- Table structure for sys_dict_type
-- ----------------------------
DROP TABLE IF EXISTS `sys_dict_type`;
CREATE TABLE `sys_dict_type` (
  `id` varchar(36) NOT NULL,
  `created_at` datetime(6) NOT NULL DEFAULT CURRENT_TIMESTAMP(6),
  `updated_at` datetime(6) NOT NULL DEFAULT CURRENT_TIMESTAMP(6),
  `created_by` varchar(255) DEFAULT NULL COMMENT '创建人',
  `updated_by` varchar(255) DEFAULT NULL COMMENT '修改者',
  `name` varchar(50) NOT NULL,
  `code` varchar(50) NOT NULL,
  `status` tinyint NOT NULL DEFAULT '1',
  `remark` varchar(255) DEFAULT NULL,
  PRIMARY KEY (`id`),
  UNIQUE KEY `IDX_74d0045ff7fab9f67adc0b1bda` (`code`)
) ENGINE=InnoDB DEFAULT CHARSET=utf8mb4 COLLATE=utf8mb4_0900_ai_ci;

-- ----------------------------
-- Records of sys_dict_type
-- ----------------------------
BEGIN;
INSERT INTO `sys_dict_type` (`id`, `created_at`, `updated_at`, `created_by`, `updated_by`, `name`, `code`, `status`, `remark`) VALUES ('a8061ab8-fb27-476a-b46b-f01021f66c96', '2025-03-22 22:41:21.389724', '2025-03-22 22:41:21.389724', NULL, NULL, '测试', '123', 1, '测试字典类型');
COMMIT;

-- ----------------------------
-- Table structure for sys_login_log
-- ----------------------------
DROP TABLE IF EXISTS `sys_login_log`;
CREATE TABLE `sys_login_log` (
  `id` varchar(36) CHARACTER SET utf8mb4 COLLATE utf8mb4_0900_ai_ci NOT NULL,
  `created_at` datetime(6) NOT NULL DEFAULT CURRENT_TIMESTAMP(6),
  `updated_at` datetime(6) NOT NULL DEFAULT CURRENT_TIMESTAMP(6),
  `created_by` varchar(255) CHARACTER SET utf8mb4 COLLATE utf8mb4_0900_ai_ci DEFAULT NULL COMMENT '创建人',
  `updated_by` varchar(255) CHARACTER SET utf8mb4 COLLATE utf8mb4_0900_ai_ci DEFAULT NULL COMMENT '修改者',
  `ip` varchar(255) CHARACTER SET utf8mb4 COLLATE utf8mb4_0900_ai_ci DEFAULT NULL,
  `address` varchar(255) CHARACTER SET utf8mb4 COLLATE utf8mb4_0900_ai_ci DEFAULT NULL,
  `provider` varchar(255) CHARACTER SET utf8mb4 COLLATE utf8mb4_0900_ai_ci DEFAULT NULL,
  `user_agent` varchar(255) CHARACTER SET utf8mb4 COLLATE utf8mb4_0900_ai_ci DEFAULT NULL,
  `user_id` varchar(36) CHARACTER SET utf8mb4 COLLATE utf8mb4_0900_ai_ci DEFAULT NULL,
  PRIMARY KEY (`id`) USING BTREE,
  KEY `FK_3029712e0df6a28edaee46fd470` (`user_id`) USING BTREE,
  CONSTRAINT `FK_3029712e0df6a28edaee46fd470` FOREIGN KEY (`user_id`) REFERENCES `user` (`id`) ON DELETE CASCADE
) ENGINE=InnoDB DEFAULT CHARSET=utf8mb4 COLLATE=utf8mb4_0900_ai_ci ROW_FORMAT=DYNAMIC;

-- ----------------------------
-- Records of sys_login_log
-- ----------------------------
BEGIN;
COMMIT;

-- ----------------------------
-- Table structure for sys_menu
-- ----------------------------
DROP TABLE IF EXISTS `sys_menu`;
CREATE TABLE `sys_menu` (
  `id` varchar(36) CHARACTER SET utf8mb4 COLLATE utf8mb4_0900_ai_ci NOT NULL,
  `created_at` datetime(6) NOT NULL DEFAULT CURRENT_TIMESTAMP(6),
  `updated_at` datetime(6) NOT NULL DEFAULT CURRENT_TIMESTAMP(6),
  `created_by` varchar(255) CHARACTER SET utf8mb4 COLLATE utf8mb4_0900_ai_ci DEFAULT NULL COMMENT '创建人',
  `updated_by` varchar(255) CHARACTER SET utf8mb4 COLLATE utf8mb4_0900_ai_ci DEFAULT NULL COMMENT '修改者',
  `parent_id` varchar(255) CHARACTER SET utf8mb4 COLLATE utf8mb4_0900_ai_ci NOT NULL COMMENT '菜单父级ID',
  `name` varchar(255) CHARACTER SET utf8mb4 COLLATE utf8mb4_0900_ai_ci DEFAULT NULL COMMENT '路由名称',
  `path` varchar(255) CHARACTER SET utf8mb4 COLLATE utf8mb4_0900_ai_ci DEFAULT NULL COMMENT '菜单路径',
  `component` varchar(255) CHARACTER SET utf8mb4 COLLATE utf8mb4_0900_ai_ci DEFAULT NULL COMMENT '菜单组件',
  `permission` varchar(255) CHARACTER SET utf8mb4 COLLATE utf8mb4_0900_ai_ci DEFAULT NULL COMMENT '菜单权限',
  `type` int DEFAULT NULL COMMENT '菜单类型',
  `icon` varchar(255) CHARACTER SET utf8mb4 COLLATE utf8mb4_0900_ai_ci DEFAULT NULL COMMENT '菜单图标',
  `order` int DEFAULT '0' COMMENT '菜单排序',
  `is_ext` tinyint DEFAULT '0' COMMENT '是否外链',
  `ext_open_mode` tinyint DEFAULT '1' COMMENT '外链打开模式 1 项目内打开 2 项目外打开',
  `keep_alive` tinyint DEFAULT '0' COMMENT '是否缓存',
  `active_menu` varchar(255) CHARACTER SET utf8mb4 COLLATE utf8mb4_0900_ai_ci DEFAULT NULL COMMENT '设置当前路由高亮的菜单项，一般用于详情页',
  `status` int DEFAULT '1' COMMENT '菜单状态 1 启用 0 禁用',
  `title` varchar(255) CHARACTER SET utf8mb4 COLLATE utf8mb4_0900_ai_ci DEFAULT NULL COMMENT '菜单/权限名称',
  `i18n_key` varchar(255) CHARACTER SET utf8mb4 COLLATE utf8mb4_0900_ai_ci DEFAULT NULL COMMENT '国际化 key',
  `route_name` varchar(255) CHARACTER SET utf8mb4 COLLATE utf8mb4_0900_ai_ci DEFAULT NULL COMMENT '路由名称',
  `icon_type` int DEFAULT NULL COMMENT '图标类型',
  `hide_in_menu` tinyint DEFAULT '0' COMMENT '是否隐藏',
  `multi_tab` tinyint DEFAULT '0' COMMENT '是否显示多标签页',
  `href` varchar(255) DEFAULT NULL COMMENT '外链地址',
  `fixed_index_in_tab` int DEFAULT NULL COMMENT '是否显示多标签页',
  PRIMARY KEY (`id`) USING BTREE
) ENGINE=InnoDB DEFAULT CHARSET=utf8mb4 COLLATE=utf8mb4_0900_ai_ci ROW_FORMAT=DYNAMIC;

-- ----------------------------
-- Records of sys_menu
-- ----------------------------
BEGIN;
INSERT INTO `sys_menu` (`id`, `created_at`, `updated_at`, `created_by`, `updated_by`, `parent_id`, `name`, `path`, `component`, `permission`, `type`, `icon`, `order`, `is_ext`, `ext_open_mode`, `keep_alive`, `active_menu`, `status`, `title`, `i18n_key`, `route_name`, `icon_type`, `hide_in_menu`, `multi_tab`, `href`, `fixed_index_in_tab`) VALUES ('05218e60-3eae-4803-afcb-786bfda4e100', '2025-03-03 17:52:31.768374', '2025-03-03 17:52:31.768374', NULL, NULL, '8ec61125-cec6-4d14-a247-58ed01533040', '', '', '', 'system:role:create', 2, '', 3, 0, 0, 0, NULL, 1, '创建', NULL, NULL, 0, 0, 0, NULL, NULL);
INSERT INTO `sys_menu` (`id`, `created_at`, `updated_at`, `created_by`, `updated_by`, `parent_id`, `name`, `path`, `component`, `permission`, `type`, `icon`, `order`, `is_ext`, `ext_open_mode`, `keep_alive`, `active_menu`, `status`, `title`, `i18n_key`, `route_name`, `icon_type`, `hide_in_menu`, `multi_tab`, `href`, `fixed_index_in_tab`) VALUES ('0eb29306-e4f9-4bb6-a803-4d589b85d751', '2025-03-23 10:18:40.477923', '2025-03-23 10:18:40.477923', NULL, NULL, '45ce9a79-f00f-4887-84f0-68492ee35b77', '', NULL, NULL, 'system:dict-type:delete', 2, '', 5, 0, 0, 0, NULL, 1, '字典类型删除', NULL, NULL, 0, 0, 0, NULL, NULL);
INSERT INTO `sys_menu` (`id`, `created_at`, `updated_at`, `created_by`, `updated_by`, `parent_id`, `name`, `path`, `component`, `permission`, `type`, `icon`, `order`, `is_ext`, `ext_open_mode`, `keep_alive`, `active_menu`, `status`, `title`, `i18n_key`, `route_name`, `icon_type`, `hide_in_menu`, `multi_tab`, `href`, `fixed_index_in_tab`) VALUES ('11062117-82e2-462b-a12e-706f06aae2eb', '2025-03-03 21:38:07.228381', '2025-03-03 21:38:07.228381', NULL, NULL, 'e63f1774-d10c-4c27-9776-133f9c8ade0c', '', '', '', 'system:task:delete', 2, '', 5, 0, 0, 0, NULL, 1, '删除', NULL, NULL, 0, 0, 0, NULL, NULL);
INSERT INTO `sys_menu` (`id`, `created_at`, `updated_at`, `created_by`, `updated_by`, `parent_id`, `name`, `path`, `component`, `permission`, `type`, `icon`, `order`, `is_ext`, `ext_open_mode`, `keep_alive`, `active_menu`, `status`, `title`, `i18n_key`, `route_name`, `icon_type`, `hide_in_menu`, `multi_tab`, `href`, `fixed_index_in_tab`) VALUES ('158f8876-c8aa-496d-83b7-a30f1475d8fe', '2025-03-03 21:50:09.671611', '2025-03-03 21:50:09.671611', NULL, NULL, 'a6e7f104-bc14-4399-9eec-c6da852d2e0a', '', '', '', 'upload:upload', 2, '', 2, 0, 0, 0, NULL, 1, '上传', NULL, NULL, 0, 0, 0, NULL, NULL);
INSERT INTO `sys_menu` (`id`, `created_at`, `updated_at`, `created_by`, `updated_by`, `parent_id`, `name`, `path`, `component`, `permission`, `type`, `icon`, `order`, `is_ext`, `ext_open_mode`, `keep_alive`, `active_menu`, `status`, `title`, `i18n_key`, `route_name`, `icon_type`, `hide_in_menu`, `multi_tab`, `href`, `fixed_index_in_tab`) VALUES ('20c703d7-8b7f-4b8f-a413-718baf283c25', '2025-03-03 11:26:40.154479', '2025-03-03 11:26:40.154479', NULL, NULL, '8aee338e-036b-4957-9325-9c67167d33db', 'tools_storage_local', '/tools/storage/local', 'view.tools_storage_local', '', 1, 'mdi:record-circle-outline', 1, 0, 0, 0, NULL, 1, '本地存储', 'route.tools_storage_local', NULL, 0, 0, 0, NULL, NULL);
INSERT INTO `sys_menu` (`id`, `created_at`, `updated_at`, `created_by`, `updated_by`, `parent_id`, `name`, `path`, `component`, `permission`, `type`, `icon`, `order`, `is_ext`, `ext_open_mode`, `keep_alive`, `active_menu`, `status`, `title`, `i18n_key`, `route_name`, `icon_type`, `hide_in_menu`, `multi_tab`, `href`, `fixed_index_in_tab`) VALUES ('224f264f-f8b2-46f4-a40c-91e009ffafc5', '2025-03-03 21:23:48.253734', '2025-03-03 21:23:48.253734', NULL, NULL, '60ff95d2-0591-4c4d-818e-1b9e71029e4a', '', '', '', 'system:parameter:delete', 2, '', 5, 0, 0, 0, NULL, 1, '删除', NULL, NULL, 0, 0, 0, NULL, NULL);
INSERT INTO `sys_menu` (`id`, `created_at`, `updated_at`, `created_by`, `updated_by`, `parent_id`, `name`, `path`, `component`, `permission`, `type`, `icon`, `order`, `is_ext`, `ext_open_mode`, `keep_alive`, `active_menu`, `status`, `title`, `i18n_key`, `route_name`, `icon_type`, `hide_in_menu`, `multi_tab`, `href`, `fixed_index_in_tab`) VALUES ('22b097cf-fa6e-43ac-b81e-f1b7b981e1ff', '2025-03-03 11:18:33.363511', '2025-03-03 11:18:33.363511', NULL, NULL, '89a72c78-d913-4d7d-b825-ad2046d384c4', 'system_monitor_captcha-log', '/system/monitor/captcha-log', 'view.system_monitor_captcha-log', '', 1, 'mdi:email-fast-outline', 3, 0, 0, 0, NULL, 1, '验证码日志', 'route.system_monitor_captcha-log', NULL, 0, 0, 0, NULL, NULL);
INSERT INTO `sys_menu` (`id`, `created_at`, `updated_at`, `created_by`, `updated_by`, `parent_id`, `name`, `path`, `component`, `permission`, `type`, `icon`, `order`, `is_ext`, `ext_open_mode`, `keep_alive`, `active_menu`, `status`, `title`, `i18n_key`, `route_name`, `icon_type`, `hide_in_menu`, `multi_tab`, `href`, `fixed_index_in_tab`) VALUES ('24efe79c-a7f0-4ca3-b98c-580dbb31b014', '2025-03-03 17:51:25.979669', '2025-03-03 17:51:25.979669', NULL, NULL, '527dab80-6860-48c3-8aa3-b70428711cb7', '', '', '', 'system:dept:read', 2, '', 2, 0, 0, 0, NULL, 1, '详情', NULL, NULL, 0, 0, 0, NULL, NULL);
INSERT INTO `sys_menu` (`id`, `created_at`, `updated_at`, `created_by`, `updated_by`, `parent_id`, `name`, `path`, `component`, `permission`, `type`, `icon`, `order`, `is_ext`, `ext_open_mode`, `keep_alive`, `active_menu`, `status`, `title`, `i18n_key`, `route_name`, `icon_type`, `hide_in_menu`, `multi_tab`, `href`, `fixed_index_in_tab`) VALUES ('26178ddf-5654-42cd-9aa7-2d7cdfe48a3e', '2025-02-25 17:40:45.820496', '2025-02-25 17:40:45.820496', NULL, NULL, '527dab80-6860-48c3-8aa3-b70428711cb7', '', '', '', 'system:dept:create', 2, '', 3, 0, 0, 0, NULL, 1, '创建', NULL, NULL, 0, 0, 0, NULL, NULL);
INSERT INTO `sys_menu` (`id`, `created_at`, `updated_at`, `created_by`, `updated_by`, `parent_id`, `name`, `path`, `component`, `permission`, `type`, `icon`, `order`, `is_ext`, `ext_open_mode`, `keep_alive`, `active_menu`, `status`, `title`, `i18n_key`, `route_name`, `icon_type`, `hide_in_menu`, `multi_tab`, `href`, `fixed_index_in_tab`) VALUES ('2b4c4b75-955a-477c-8190-9c1474d75a3f', '2025-03-03 22:12:29.578943', '2025-03-03 22:12:29.578943', NULL, NULL, '', 'user-center', '/user-center', 'layout.base$view.user-center', '', 1, 'mdi:account-heart-outline', 12, 0, 0, 0, NULL, 1, '个人中心', 'route.user-center', NULL, 0, 0, 0, NULL, NULL);
INSERT INTO `sys_menu` (`id`, `created_at`, `updated_at`, `created_by`, `updated_by`, `parent_id`, `name`, `path`, `component`, `permission`, `type`, `icon`, `order`, `is_ext`, `ext_open_mode`, `keep_alive`, `active_menu`, `status`, `title`, `i18n_key`, `route_name`, `icon_type`, `hide_in_menu`, `multi_tab`, `href`, `fixed_index_in_tab`) VALUES ('2fb0054a-2452-4567-bc13-d8f4185a1a48', '2025-03-03 17:48:36.491000', '2025-03-03 17:48:36.491000', NULL, NULL, '527dab80-6860-48c3-8aa3-b70428711cb7', '', '', '', 'system:dept:update', 2, '', 4, 0, 0, 0, NULL, 1, '修改', NULL, NULL, 0, 0, 0, NULL, NULL);
INSERT INTO `sys_menu` (`id`, `created_at`, `updated_at`, `created_by`, `updated_by`, `parent_id`, `name`, `path`, `component`, `permission`, `type`, `icon`, `order`, `is_ext`, `ext_open_mode`, `keep_alive`, `active_menu`, `status`, `title`, `i18n_key`, `route_name`, `icon_type`, `hide_in_menu`, `multi_tab`, `href`, `fixed_index_in_tab`) VALUES ('30f1ed7f-554f-4465-9fa7-ea2a252ecaa7', '2025-03-04 21:41:46.729845', '2025-03-04 21:41:46.729845', NULL, NULL, 'd8c1f623-9fde-4005-a9a4-8192a89db90d', '', '', '', 'system:log:task:list', 2, '', 1, 0, 0, 0, NULL, 1, '列表', NULL, NULL, 0, 0, 0, NULL, NULL);
INSERT INTO `sys_menu` (`id`, `created_at`, `updated_at`, `created_by`, `updated_by`, `parent_id`, `name`, `path`, `component`, `permission`, `type`, `icon`, `order`, `is_ext`, `ext_open_mode`, `keep_alive`, `active_menu`, `status`, `title`, `i18n_key`, `route_name`, `icon_type`, `hide_in_menu`, `multi_tab`, `href`, `fixed_index_in_tab`) VALUES ('3d1f445c-f662-49d6-8122-2eedea1d5cbb', '2025-03-03 11:24:44.623056', '2025-03-03 11:24:44.623056', NULL, NULL, '', 'tools', '/tools', 'layout.base', '', 0, 'mdi:toolbox-outline', 3, 0, 0, 0, NULL, 1, '系统工具', 'route.tools', NULL, 0, 0, 0, NULL, NULL);
INSERT INTO `sys_menu` (`id`, `created_at`, `updated_at`, `created_by`, `updated_by`, `parent_id`, `name`, `path`, `component`, `permission`, `type`, `icon`, `order`, `is_ext`, `ext_open_mode`, `keep_alive`, `active_menu`, `status`, `title`, `i18n_key`, `route_name`, `icon_type`, `hide_in_menu`, `multi_tab`, `href`, `fixed_index_in_tab`) VALUES ('3d44cc58-25d5-45ab-9a59-8d590a59174b', '2025-03-03 17:54:07.636784', '2025-03-03 17:54:07.636784', NULL, NULL, 'b0058d7b-bc3e-4407-8dc9-e4987b20c27c', '', '', '', 'system:menu:create', 2, '', 3, 0, 0, 0, NULL, 1, '创建', NULL, NULL, 0, 0, 0, NULL, NULL);
INSERT INTO `sys_menu` (`id`, `created_at`, `updated_at`, `created_by`, `updated_by`, `parent_id`, `name`, `path`, `component`, `permission`, `type`, `icon`, `order`, `is_ext`, `ext_open_mode`, `keep_alive`, `active_menu`, `status`, `title`, `i18n_key`, `route_name`, `icon_type`, `hide_in_menu`, `multi_tab`, `href`, `fixed_index_in_tab`) VALUES ('3e6354d8-7cd7-493d-959d-e71a4b36fdc9', '2025-03-03 21:29:27.233641', '2025-03-03 21:29:27.233641', NULL, NULL, '20c703d7-8b7f-4b8f-a413-718baf283c25', '', '', '', 'tool:storage:delete', 2, '', 3, 0, 0, 0, NULL, 1, '删除', NULL, NULL, 0, 0, 0, NULL, NULL);
INSERT INTO `sys_menu` (`id`, `created_at`, `updated_at`, `created_by`, `updated_by`, `parent_id`, `name`, `path`, `component`, `permission`, `type`, `icon`, `order`, `is_ext`, `ext_open_mode`, `keep_alive`, `active_menu`, `status`, `title`, `i18n_key`, `route_name`, `icon_type`, `hide_in_menu`, `multi_tab`, `href`, `fixed_index_in_tab`) VALUES ('3e723f23-d5fe-41ac-a255-882b2e46eb3f', '2025-03-03 11:14:54.089003', '2025-03-03 11:14:54.089003', NULL, NULL, '733cdfa0-489b-409e-99dc-159c6da3f70c', 'system_schedule', '/system/schedule', '', '', 0, 'mdi:calendar-clock-outline', 6, 0, 0, 0, NULL, 1, '任务调度', 'route.system_schedule', NULL, 0, 0, 0, NULL, NULL);
INSERT INTO `sys_menu` (`id`, `created_at`, `updated_at`, `created_by`, `updated_by`, `parent_id`, `name`, `path`, `component`, `permission`, `type`, `icon`, `order`, `is_ext`, `ext_open_mode`, `keep_alive`, `active_menu`, `status`, `title`, `i18n_key`, `route_name`, `icon_type`, `hide_in_menu`, `multi_tab`, `href`, `fixed_index_in_tab`) VALUES ('43a2faa4-edbd-4b0b-8486-f0b6f2e86bae', '2025-03-03 17:55:42.287617', '2025-03-03 17:55:42.287617', NULL, NULL, '6e845f4d-6be4-445a-9423-53507aed82a1', '', '', '', 'system:online:list', 2, '', 1, 0, 0, 0, NULL, 1, '列表', NULL, NULL, 0, 0, 0, NULL, NULL);
INSERT INTO `sys_menu` (`id`, `created_at`, `updated_at`, `created_by`, `updated_by`, `parent_id`, `name`, `path`, `component`, `permission`, `type`, `icon`, `order`, `is_ext`, `ext_open_mode`, `keep_alive`, `active_menu`, `status`, `title`, `i18n_key`, `route_name`, `icon_type`, `hide_in_menu`, `multi_tab`, `href`, `fixed_index_in_tab`) VALUES ('45ce9a79-f00f-4887-84f0-68492ee35b77', '2025-03-23 10:16:00.637978', '2025-03-23 10:16:00.637978', NULL, NULL, '733cdfa0-489b-409e-99dc-159c6da3f70c', 'system_dict', '/system/dict', 'view.system_dict', NULL, 1, 'mdi:format-list-numbered', 8, 0, 0, 0, NULL, 1, '字典管理', 'route.system_dict', NULL, 0, 0, 0, NULL, NULL);
INSERT INTO `sys_menu` (`id`, `created_at`, `updated_at`, `created_by`, `updated_by`, `parent_id`, `name`, `path`, `component`, `permission`, `type`, `icon`, `order`, `is_ext`, `ext_open_mode`, `keep_alive`, `active_menu`, `status`, `title`, `i18n_key`, `route_name`, `icon_type`, `hide_in_menu`, `multi_tab`, `href`, `fixed_index_in_tab`) VALUES ('490a5058-5baa-4934-b391-5fa38869da29', '2025-03-23 10:18:03.368936', '2025-03-23 10:18:03.368936', NULL, NULL, '45ce9a79-f00f-4887-84f0-68492ee35b77', '', NULL, NULL, 'system:dict-type:create', 2, '', 3, 0, 0, 0, NULL, 1, '字典类型创建', NULL, NULL, 0, 0, 0, NULL, NULL);
INSERT INTO `sys_menu` (`id`, `created_at`, `updated_at`, `created_by`, `updated_by`, `parent_id`, `name`, `path`, `component`, `permission`, `type`, `icon`, `order`, `is_ext`, `ext_open_mode`, `keep_alive`, `active_menu`, `status`, `title`, `i18n_key`, `route_name`, `icon_type`, `hide_in_menu`, `multi_tab`, `href`, `fixed_index_in_tab`) VALUES ('4ee93aeb-218a-4a36-b204-f5e7ef9ce336', '2025-03-03 17:49:15.671722', '2025-03-03 17:49:15.671722', NULL, NULL, '527dab80-6860-48c3-8aa3-b70428711cb7', '', '', '', 'system:dept:list', 2, '', 1, 0, 0, 0, NULL, 1, '列表', NULL, NULL, 0, 0, 0, NULL, NULL);
INSERT INTO `sys_menu` (`id`, `created_at`, `updated_at`, `created_by`, `updated_by`, `parent_id`, `name`, `path`, `component`, `permission`, `type`, `icon`, `order`, `is_ext`, `ext_open_mode`, `keep_alive`, `active_menu`, `status`, `title`, `i18n_key`, `route_name`, `icon_type`, `hide_in_menu`, `multi_tab`, `href`, `fixed_index_in_tab`) VALUES ('527dab80-6860-48c3-8aa3-b70428711cb7', '2025-02-24 11:35:16.809155', '2025-02-24 11:35:16.809155', NULL, NULL, '733cdfa0-489b-409e-99dc-159c6da3f70c', 'system_dept', '/system/dept', 'view.system_dept', '', 1, 'ic:outline-reduce-capacity', 1, 0, 0, 0, NULL, 1, '部门管理', 'route.system_dept', NULL, 0, 0, 0, NULL, NULL);
INSERT INTO `sys_menu` (`id`, `created_at`, `updated_at`, `created_by`, `updated_by`, `parent_id`, `name`, `path`, `component`, `permission`, `type`, `icon`, `order`, `is_ext`, `ext_open_mode`, `keep_alive`, `active_menu`, `status`, `title`, `i18n_key`, `route_name`, `icon_type`, `hide_in_menu`, `multi_tab`, `href`, `fixed_index_in_tab`) VALUES ('57b6d55e-cc2f-4493-b70a-671c00ca911f', '2025-03-03 21:38:56.023470', '2025-03-03 21:38:56.023470', NULL, NULL, 'e63f1774-d10c-4c27-9776-133f9c8ade0c', '', '', '', 'system:task:start', 2, '', 7, 0, 0, 0, NULL, 1, '启动', NULL, NULL, 0, 0, 0, NULL, NULL);
INSERT INTO `sys_menu` (`id`, `created_at`, `updated_at`, `created_by`, `updated_by`, `parent_id`, `name`, `path`, `component`, `permission`, `type`, `icon`, `order`, `is_ext`, `ext_open_mode`, `keep_alive`, `active_menu`, `status`, `title`, `i18n_key`, `route_name`, `icon_type`, `hide_in_menu`, `multi_tab`, `href`, `fixed_index_in_tab`) VALUES ('5846a1ef-d49e-4e0b-930e-9c13f7d53103', '2025-03-23 10:20:03.553159', '2025-03-23 10:20:03.553159', NULL, NULL, '45ce9a79-f00f-4887-84f0-68492ee35b77', '', NULL, NULL, 'system:dict-item:delete', 2, '', 10, 0, 0, 0, NULL, 1, '字典项删除', NULL, NULL, 0, 0, 0, NULL, NULL);
INSERT INTO `sys_menu` (`id`, `created_at`, `updated_at`, `created_by`, `updated_by`, `parent_id`, `name`, `path`, `component`, `permission`, `type`, `icon`, `order`, `is_ext`, `ext_open_mode`, `keep_alive`, `active_menu`, `status`, `title`, `i18n_key`, `route_name`, `icon_type`, `hide_in_menu`, `multi_tab`, `href`, `fixed_index_in_tab`) VALUES ('5afd8f11-fda7-4a1f-a1dd-a7879ee38c8c', '2025-03-03 21:39:31.256088', '2025-03-03 21:39:31.256088', NULL, NULL, 'e63f1774-d10c-4c27-9776-133f9c8ade0c', '', '', '', 'system:task:stop', 2, '', 8, 0, 0, 0, NULL, 1, '停止任务', NULL, NULL, 0, 0, 0, NULL, NULL);
INSERT INTO `sys_menu` (`id`, `created_at`, `updated_at`, `created_by`, `updated_by`, `parent_id`, `name`, `path`, `component`, `permission`, `type`, `icon`, `order`, `is_ext`, `ext_open_mode`, `keep_alive`, `active_menu`, `status`, `title`, `i18n_key`, `route_name`, `icon_type`, `hide_in_menu`, `multi_tab`, `href`, `fixed_index_in_tab`) VALUES ('5cedfe60-be30-428e-8733-2158618a4399', '2025-03-03 17:54:26.438755', '2025-03-03 17:54:26.438755', NULL, NULL, 'b0058d7b-bc3e-4407-8dc9-e4987b20c27c', '', '', '', 'system:menu:update', 2, '', 4, 0, 0, 0, NULL, 1, '修改', NULL, NULL, 0, 0, 0, NULL, NULL);
INSERT INTO `sys_menu` (`id`, `created_at`, `updated_at`, `created_by`, `updated_by`, `parent_id`, `name`, `path`, `component`, `permission`, `type`, `icon`, `order`, `is_ext`, `ext_open_mode`, `keep_alive`, `active_menu`, `status`, `title`, `i18n_key`, `route_name`, `icon_type`, `hide_in_menu`, `multi_tab`, `href`, `fixed_index_in_tab`) VALUES ('5ff0e3a1-8a8f-40be-9182-78ddf0cd82e3', '2025-03-03 22:05:51.342879', '2025-03-03 22:05:51.342879', NULL, NULL, '', 'about', '/about', 'layout.base$view.about', '', 1, 'fluent:book-information-24-regular', 13, 0, 0, 0, NULL, 1, '关于', 'route.about', NULL, 0, 0, 0, NULL, NULL);
INSERT INTO `sys_menu` (`id`, `created_at`, `updated_at`, `created_by`, `updated_by`, `parent_id`, `name`, `path`, `component`, `permission`, `type`, `icon`, `order`, `is_ext`, `ext_open_mode`, `keep_alive`, `active_menu`, `status`, `title`, `i18n_key`, `route_name`, `icon_type`, `hide_in_menu`, `multi_tab`, `href`, `fixed_index_in_tab`) VALUES ('60ff95d2-0591-4c4d-818e-1b9e71029e4a', '2025-03-03 11:12:26.662829', '2025-03-03 11:12:26.662829', NULL, NULL, '733cdfa0-489b-409e-99dc-159c6da3f70c', 'system_parameter', '/system/parameter', 'view.system_parameter', '', 1, 'mdi:database-cog-outline', 7, 0, 0, 0, NULL, 1, '参数管理', 'route.system_parameter', NULL, 0, 0, 0, NULL, NULL);
INSERT INTO `sys_menu` (`id`, `created_at`, `updated_at`, `created_by`, `updated_by`, `parent_id`, `name`, `path`, `component`, `permission`, `type`, `icon`, `order`, `is_ext`, `ext_open_mode`, `keep_alive`, `active_menu`, `status`, `title`, `i18n_key`, `route_name`, `icon_type`, `hide_in_menu`, `multi_tab`, `href`, `fixed_index_in_tab`) VALUES ('615b41e0-6781-4c4c-96f1-a2fcced4e759', '2025-03-23 10:18:23.254830', '2025-03-23 10:18:23.254830', NULL, NULL, '45ce9a79-f00f-4887-84f0-68492ee35b77', '', NULL, NULL, 'system:dict-type:update', 2, '', 4, 0, 0, 0, NULL, 1, '字典类型修改', NULL, NULL, 0, 0, 0, NULL, NULL);
INSERT INTO `sys_menu` (`id`, `created_at`, `updated_at`, `created_by`, `updated_by`, `parent_id`, `name`, `path`, `component`, `permission`, `type`, `icon`, `order`, `is_ext`, `ext_open_mode`, `keep_alive`, `active_menu`, `status`, `title`, `i18n_key`, `route_name`, `icon_type`, `hide_in_menu`, `multi_tab`, `href`, `fixed_index_in_tab`) VALUES ('64810e7b-1f24-461b-b157-450d367e5d5b', '2025-03-23 10:17:41.022528', '2025-03-23 10:17:41.022528', NULL, NULL, '45ce9a79-f00f-4887-84f0-68492ee35b77', '', NULL, NULL, 'system:dict-type:read', 2, '', 2, 0, 0, 0, NULL, 1, '字典类型详情', NULL, NULL, 0, 0, 0, NULL, NULL);
INSERT INTO `sys_menu` (`id`, `created_at`, `updated_at`, `created_by`, `updated_by`, `parent_id`, `name`, `path`, `component`, `permission`, `type`, `icon`, `order`, `is_ext`, `ext_open_mode`, `keep_alive`, `active_menu`, `status`, `title`, `i18n_key`, `route_name`, `icon_type`, `hide_in_menu`, `multi_tab`, `href`, `fixed_index_in_tab`) VALUES ('65878bdf-abc4-4177-aab0-a05d93a89035', '2025-03-03 17:52:12.253476', '2025-03-03 17:52:12.253476', NULL, NULL, '8ec61125-cec6-4d14-a247-58ed01533040', '', '', '', 'system:role:read', 2, '', 2, 0, 0, 0, NULL, 1, '详情', NULL, NULL, 0, 0, 0, NULL, NULL);
INSERT INTO `sys_menu` (`id`, `created_at`, `updated_at`, `created_by`, `updated_by`, `parent_id`, `name`, `path`, `component`, `permission`, `type`, `icon`, `order`, `is_ext`, `ext_open_mode`, `keep_alive`, `active_menu`, `status`, `title`, `i18n_key`, `route_name`, `icon_type`, `hide_in_menu`, `multi_tab`, `href`, `fixed_index_in_tab`) VALUES ('67da4bc1-9d62-4eee-91c5-5688d4c269d1', '2025-03-23 10:19:17.895298', '2025-03-23 10:19:17.895298', NULL, NULL, '45ce9a79-f00f-4887-84f0-68492ee35b77', '', NULL, NULL, 'system:dict-item:read', 2, '', 7, 0, 0, 0, NULL, 1, '字典项详情', NULL, NULL, 0, 0, 0, NULL, NULL);
INSERT INTO `sys_menu` (`id`, `created_at`, `updated_at`, `created_by`, `updated_by`, `parent_id`, `name`, `path`, `component`, `permission`, `type`, `icon`, `order`, `is_ext`, `ext_open_mode`, `keep_alive`, `active_menu`, `status`, `title`, `i18n_key`, `route_name`, `icon_type`, `hide_in_menu`, `multi_tab`, `href`, `fixed_index_in_tab`) VALUES ('6e845f4d-6be4-445a-9423-53507aed82a1', '2025-02-25 21:47:39.778860', '2025-02-25 21:47:39.778860', NULL, NULL, '89a72c78-d913-4d7d-b825-ad2046d384c4', 'system_monitor_online', '/system/monitor/online', 'view.system_monitor_online', '', 1, 'mdi:account-multiple-check-outline', 1, 0, 0, 0, NULL, 1, '在线用户', 'route.system_monitor_online', NULL, 0, 0, 0, NULL, NULL);
INSERT INTO `sys_menu` (`id`, `created_at`, `updated_at`, `created_by`, `updated_by`, `parent_id`, `name`, `path`, `component`, `permission`, `type`, `icon`, `order`, `is_ext`, `ext_open_mode`, `keep_alive`, `active_menu`, `status`, `title`, `i18n_key`, `route_name`, `icon_type`, `hide_in_menu`, `multi_tab`, `href`, `fixed_index_in_tab`) VALUES ('6f0fe391-d12e-4232-9078-7f746d596288', '2025-03-03 21:23:21.470548', '2025-03-03 21:23:21.470548', NULL, NULL, '60ff95d2-0591-4c4d-818e-1b9e71029e4a', '', '', '', 'system:parameter:create', 2, '', 3, 0, 0, 0, NULL, 1, '创建', NULL, NULL, 0, 0, 0, NULL, NULL);
INSERT INTO `sys_menu` (`id`, `created_at`, `updated_at`, `created_by`, `updated_by`, `parent_id`, `name`, `path`, `component`, `permission`, `type`, `icon`, `order`, `is_ext`, `ext_open_mode`, `keep_alive`, `active_menu`, `status`, `title`, `i18n_key`, `route_name`, `icon_type`, `hide_in_menu`, `multi_tab`, `href`, `fixed_index_in_tab`) VALUES ('6f65b835-f3f0-42a5-a39d-2a4a443b69be', '2025-03-03 21:37:45.499782', '2025-03-03 21:37:45.499782', NULL, NULL, 'e63f1774-d10c-4c27-9776-133f9c8ade0c', '', '', '', 'system:task:update', 2, '', 4, 0, 0, 0, NULL, 1, '修改', NULL, NULL, 0, 0, 0, NULL, NULL);
INSERT INTO `sys_menu` (`id`, `created_at`, `updated_at`, `created_by`, `updated_by`, `parent_id`, `name`, `path`, `component`, `permission`, `type`, `icon`, `order`, `is_ext`, `ext_open_mode`, `keep_alive`, `active_menu`, `status`, `title`, `i18n_key`, `route_name`, `icon_type`, `hide_in_menu`, `multi_tab`, `href`, `fixed_index_in_tab`) VALUES ('70238d0b-0fa0-4477-bded-fe36e62af9ee', '2025-03-03 21:36:44.768918', '2025-03-03 21:36:44.768918', NULL, NULL, 'e63f1774-d10c-4c27-9776-133f9c8ade0c', '', '', '', 'system:task:read', 2, '', 2, 0, 0, 0, NULL, 1, '详情', NULL, NULL, 0, 0, 0, NULL, NULL);
INSERT INTO `sys_menu` (`id`, `created_at`, `updated_at`, `created_by`, `updated_by`, `parent_id`, `name`, `path`, `component`, `permission`, `type`, `icon`, `order`, `is_ext`, `ext_open_mode`, `keep_alive`, `active_menu`, `status`, `title`, `i18n_key`, `route_name`, `icon_type`, `hide_in_menu`, `multi_tab`, `href`, `fixed_index_in_tab`) VALUES ('733cdfa0-489b-409e-99dc-159c6da3f70c', '2025-02-24 10:02:58.349389', '2025-02-24 10:02:58.349389', NULL, NULL, '', 'system', '/system', 'layout.base', '', 0, 'ic:outline-settings', 2, 0, 0, 0, NULL, 1, '系统管理', 'route.system', NULL, 0, 0, 0, NULL, NULL);
INSERT INTO `sys_menu` (`id`, `created_at`, `updated_at`, `created_by`, `updated_by`, `parent_id`, `name`, `path`, `component`, `permission`, `type`, `icon`, `order`, `is_ext`, `ext_open_mode`, `keep_alive`, `active_menu`, `status`, `title`, `i18n_key`, `route_name`, `icon_type`, `hide_in_menu`, `multi_tab`, `href`, `fixed_index_in_tab`) VALUES ('74c2fc82-c8dc-490e-9ae3-17cab4193f08', '2025-03-03 11:25:20.194909', '2025-03-03 11:25:20.194909', NULL, NULL, '3d1f445c-f662-49d6-8122-2eedea1d5cbb', 'tools_mail', '/tools/mail', 'view.tools_mail', '', 1, 'mdi:email-arrow-right-outline', 1, 0, 0, 0, NULL, 1, '发送邮件', 'route.tools_mail', NULL, 0, 0, 0, NULL, NULL);
INSERT INTO `sys_menu` (`id`, `created_at`, `updated_at`, `created_by`, `updated_by`, `parent_id`, `name`, `path`, `component`, `permission`, `type`, `icon`, `order`, `is_ext`, `ext_open_mode`, `keep_alive`, `active_menu`, `status`, `title`, `i18n_key`, `route_name`, `icon_type`, `hide_in_menu`, `multi_tab`, `href`, `fixed_index_in_tab`) VALUES ('7571fa79-918d-4d7e-b620-e4a6b94023b7', '2025-03-03 21:29:50.659801', '2025-03-03 21:29:50.659801', NULL, NULL, 'a6e7f104-bc14-4399-9eec-c6da852d2e0a', '', '', '', 'tool:oss:list', 2, '', 1, 0, 0, 0, NULL, 1, '列表', NULL, NULL, 0, 0, 0, NULL, NULL);
INSERT INTO `sys_menu` (`id`, `created_at`, `updated_at`, `created_by`, `updated_by`, `parent_id`, `name`, `path`, `component`, `permission`, `type`, `icon`, `order`, `is_ext`, `ext_open_mode`, `keep_alive`, `active_menu`, `status`, `title`, `i18n_key`, `route_name`, `icon_type`, `hide_in_menu`, `multi_tab`, `href`, `fixed_index_in_tab`) VALUES ('79ef844a-76d1-4932-b6af-e5c4d735b67c', '2025-03-03 21:32:51.462319', '2025-03-03 21:32:51.462319', NULL, NULL, 'e63f1774-d10c-4c27-9776-133f9c8ade0c', '', '', '', 'system:task:list', 2, '', 1, 0, 0, 0, NULL, 1, '列表', NULL, NULL, 0, 0, 0, NULL, NULL);
INSERT INTO `sys_menu` (`id`, `created_at`, `updated_at`, `created_by`, `updated_by`, `parent_id`, `name`, `path`, `component`, `permission`, `type`, `icon`, `order`, `is_ext`, `ext_open_mode`, `keep_alive`, `active_menu`, `status`, `title`, `i18n_key`, `route_name`, `icon_type`, `hide_in_menu`, `multi_tab`, `href`, `fixed_index_in_tab`) VALUES ('7b266e11-2e39-4d6d-a09d-96044905d354', '2025-03-04 23:33:45.986931', '2025-03-04 23:33:45.986931', NULL, NULL, '8d1065a6-2393-4f36-b0db-2c9dcf9e6e3e', '', '', '', 'system:log:login:delete', 2, '', 2, 0, 0, 0, NULL, 1, '删除', NULL, NULL, 0, 0, 0, NULL, NULL);
INSERT INTO `sys_menu` (`id`, `created_at`, `updated_at`, `created_by`, `updated_by`, `parent_id`, `name`, `path`, `component`, `permission`, `type`, `icon`, `order`, `is_ext`, `ext_open_mode`, `keep_alive`, `active_menu`, `status`, `title`, `i18n_key`, `route_name`, `icon_type`, `hide_in_menu`, `multi_tab`, `href`, `fixed_index_in_tab`) VALUES ('7ed7b3df-09d1-4dcd-a6d5-8e80785b3ad4', '2025-02-24 14:20:18.866433', '2025-02-24 14:20:18.866433', NULL, NULL, '733cdfa0-489b-409e-99dc-159c6da3f70c', 'system_user', '/system/user', 'view.system_user', '', 1, 'mdi:account-cog-outline', 4, 0, 0, 0, NULL, 1, '用户管理', 'route.system_user', NULL, 0, 0, 0, NULL, NULL);
INSERT INTO `sys_menu` (`id`, `created_at`, `updated_at`, `created_by`, `updated_by`, `parent_id`, `name`, `path`, `component`, `permission`, `type`, `icon`, `order`, `is_ext`, `ext_open_mode`, `keep_alive`, `active_menu`, `status`, `title`, `i18n_key`, `route_name`, `icon_type`, `hide_in_menu`, `multi_tab`, `href`, `fixed_index_in_tab`) VALUES ('7f6976ba-c8a2-4bfb-9b28-f867f9630624', '2025-03-03 21:24:05.748627', '2025-03-03 21:24:05.748627', NULL, NULL, '60ff95d2-0591-4c4d-818e-1b9e71029e4a', '', '', '', 'system:parameter:update', 2, '', 4, 0, 0, 0, NULL, 1, '修改', NULL, NULL, 0, 0, 0, NULL, NULL);
INSERT INTO `sys_menu` (`id`, `created_at`, `updated_at`, `created_by`, `updated_by`, `parent_id`, `name`, `path`, `component`, `permission`, `type`, `icon`, `order`, `is_ext`, `ext_open_mode`, `keep_alive`, `active_menu`, `status`, `title`, `i18n_key`, `route_name`, `icon_type`, `hide_in_menu`, `multi_tab`, `href`, `fixed_index_in_tab`) VALUES ('8191018a-156d-4190-96ca-8c97ddc521c4', '2025-03-03 21:20:56.147642', '2025-03-03 21:20:56.147642', NULL, NULL, '60ff95d2-0591-4c4d-818e-1b9e71029e4a', '', '', '', 'system:parameter:list', 2, '', 1, 0, 0, 0, NULL, 1, '列表', NULL, NULL, 0, 0, 0, NULL, NULL);
INSERT INTO `sys_menu` (`id`, `created_at`, `updated_at`, `created_by`, `updated_by`, `parent_id`, `name`, `path`, `component`, `permission`, `type`, `icon`, `order`, `is_ext`, `ext_open_mode`, `keep_alive`, `active_menu`, `status`, `title`, `i18n_key`, `route_name`, `icon_type`, `hide_in_menu`, `multi_tab`, `href`, `fixed_index_in_tab`) VALUES ('88a5cc81-d9fc-4d49-9a50-36b0a97bb12a', '2025-03-09 16:48:53.728622', '2025-03-09 16:48:53.728622', NULL, NULL, '7ed7b3df-09d1-4dcd-a6d5-8e80785b3ad4', '', '', '', 'system:user:read', 2, '', 2, 0, 0, 0, NULL, 1, '详情', NULL, NULL, 0, 0, 0, NULL, NULL);
INSERT INTO `sys_menu` (`id`, `created_at`, `updated_at`, `created_by`, `updated_by`, `parent_id`, `name`, `path`, `component`, `permission`, `type`, `icon`, `order`, `is_ext`, `ext_open_mode`, `keep_alive`, `active_menu`, `status`, `title`, `i18n_key`, `route_name`, `icon_type`, `hide_in_menu`, `multi_tab`, `href`, `fixed_index_in_tab`) VALUES ('89a72c78-d913-4d7d-b825-ad2046d384c4', '2025-02-25 21:46:14.723505', '2025-02-25 21:46:14.723505', NULL, NULL, '733cdfa0-489b-409e-99dc-159c6da3f70c', 'system_monitor', '/system/monitor', '', '', 0, 'mdi:monitor-eye', 5, 0, 0, 0, NULL, 1, '系统监控', 'route.system_monitor', NULL, 0, 0, 0, NULL, NULL);
INSERT INTO `sys_menu` (`id`, `created_at`, `updated_at`, `created_by`, `updated_by`, `parent_id`, `name`, `path`, `component`, `permission`, `type`, `icon`, `order`, `is_ext`, `ext_open_mode`, `keep_alive`, `active_menu`, `status`, `title`, `i18n_key`, `route_name`, `icon_type`, `hide_in_menu`, `multi_tab`, `href`, `fixed_index_in_tab`) VALUES ('8aee338e-036b-4957-9325-9c67167d33db', '2025-03-03 11:25:57.179355', '2025-03-03 11:25:57.179355', NULL, NULL, '3d1f445c-f662-49d6-8122-2eedea1d5cbb', 'tools_storage', '/tools/storage', '', '', 0, 'mdi:folder-cog-outline', 2, 0, 0, 0, NULL, 1, '存储管理', 'route.tools_storage', NULL, 0, 0, 0, NULL, NULL);
INSERT INTO `sys_menu` (`id`, `created_at`, `updated_at`, `created_by`, `updated_by`, `parent_id`, `name`, `path`, `component`, `permission`, `type`, `icon`, `order`, `is_ext`, `ext_open_mode`, `keep_alive`, `active_menu`, `status`, `title`, `i18n_key`, `route_name`, `icon_type`, `hide_in_menu`, `multi_tab`, `href`, `fixed_index_in_tab`) VALUES ('8b55026b-8a35-42c6-8bd8-d5044e8acc6a', '2025-03-03 17:53:06.601273', '2025-03-03 17:53:06.601273', NULL, NULL, '8ec61125-cec6-4d14-a247-58ed01533040', '', '', '', 'system:role:delete', 2, '', 5, 0, 0, 0, NULL, 1, '删除', NULL, NULL, 0, 0, 0, NULL, NULL);
INSERT INTO `sys_menu` (`id`, `created_at`, `updated_at`, `created_by`, `updated_by`, `parent_id`, `name`, `path`, `component`, `permission`, `type`, `icon`, `order`, `is_ext`, `ext_open_mode`, `keep_alive`, `active_menu`, `status`, `title`, `i18n_key`, `route_name`, `icon_type`, `hide_in_menu`, `multi_tab`, `href`, `fixed_index_in_tab`) VALUES ('8bf0f5ea-608c-475a-b9e0-d40fdb89853a', '2025-03-11 23:45:03.865852', '2025-03-11 23:45:03.865852', NULL, NULL, 'fcb1b735-48cf-454b-aeb2-4ac470de2826', 'blog_zym-href', '/blog/zym-href', 'layout.base$iframe-page', NULL, 1, 'mdi:book-open-page-variant-outline', 2, 1, 1, 0, NULL, 1, '小张的博客(外链)', 'route.blog_zym', NULL, 0, 0, 0, 'http://mrzym.top', NULL);
INSERT INTO `sys_menu` (`id`, `created_at`, `updated_at`, `created_by`, `updated_by`, `parent_id`, `name`, `path`, `component`, `permission`, `type`, `icon`, `order`, `is_ext`, `ext_open_mode`, `keep_alive`, `active_menu`, `status`, `title`, `i18n_key`, `route_name`, `icon_type`, `hide_in_menu`, `multi_tab`, `href`, `fixed_index_in_tab`) VALUES ('8cac45d6-15ab-45b3-8f89-d87f81bd2914', '2025-03-03 17:49:55.215412', '2025-03-03 17:49:55.215412', NULL, NULL, '527dab80-6860-48c3-8aa3-b70428711cb7', '', '', '', 'system:dept:delete', 2, '', 5, 0, 0, 0, NULL, 1, '删除', NULL, NULL, 0, 0, 0, NULL, NULL);
INSERT INTO `sys_menu` (`id`, `created_at`, `updated_at`, `created_by`, `updated_by`, `parent_id`, `name`, `path`, `component`, `permission`, `type`, `icon`, `order`, `is_ext`, `ext_open_mode`, `keep_alive`, `active_menu`, `status`, `title`, `i18n_key`, `route_name`, `icon_type`, `hide_in_menu`, `multi_tab`, `href`, `fixed_index_in_tab`) VALUES ('8d1065a6-2393-4f36-b0db-2c9dcf9e6e3e', '2025-03-03 11:21:35.468822', '2025-03-03 11:21:35.468822', NULL, NULL, '89a72c78-d913-4d7d-b825-ad2046d384c4', 'system_monitor_login-log', '/system/monitor/login-log', 'view.system_monitor_login-log', '', 1, 'mdi:account-file-text-outline', 2, 0, 0, 0, NULL, 1, '登录日志', 'route.system_monitor_login-log', NULL, 0, 0, 0, NULL, NULL);
INSERT INTO `sys_menu` (`id`, `created_at`, `updated_at`, `created_by`, `updated_by`, `parent_id`, `name`, `path`, `component`, `permission`, `type`, `icon`, `order`, `is_ext`, `ext_open_mode`, `keep_alive`, `active_menu`, `status`, `title`, `i18n_key`, `route_name`, `icon_type`, `hide_in_menu`, `multi_tab`, `href`, `fixed_index_in_tab`) VALUES ('8e35bd57-07c9-4603-a2d2-8ead7229bf38', '2025-03-09 16:48:27.104366', '2025-03-09 16:48:27.104366', NULL, NULL, '7ed7b3df-09d1-4dcd-a6d5-8e80785b3ad4', '', '', '', 'system:user:list', 2, '', 1, 0, 0, 0, NULL, 1, '列表', NULL, NULL, 0, 0, 0, NULL, NULL);
INSERT INTO `sys_menu` (`id`, `created_at`, `updated_at`, `created_by`, `updated_by`, `parent_id`, `name`, `path`, `component`, `permission`, `type`, `icon`, `order`, `is_ext`, `ext_open_mode`, `keep_alive`, `active_menu`, `status`, `title`, `i18n_key`, `route_name`, `icon_type`, `hide_in_menu`, `multi_tab`, `href`, `fixed_index_in_tab`) VALUES ('8ec61125-cec6-4d14-a247-58ed01533040', '2025-02-24 11:36:53.191060', '2025-02-24 11:36:53.191060', NULL, NULL, '733cdfa0-489b-409e-99dc-159c6da3f70c', 'system_role', '/system/role', 'view.system_role', '', 1, 'mdi:account-group-outline', 2, 0, 0, 0, NULL, 1, '角色管理', 'route.system_role', NULL, 0, 0, 0, NULL, NULL);
INSERT INTO `sys_menu` (`id`, `created_at`, `updated_at`, `created_by`, `updated_by`, `parent_id`, `name`, `path`, `component`, `permission`, `type`, `icon`, `order`, `is_ext`, `ext_open_mode`, `keep_alive`, `active_menu`, `status`, `title`, `i18n_key`, `route_name`, `icon_type`, `hide_in_menu`, `multi_tab`, `href`, `fixed_index_in_tab`) VALUES ('92369b98-5fe8-4349-8f87-83d6ae491222', '2025-03-03 11:22:16.256186', '2025-03-03 11:22:16.256186', NULL, NULL, '89a72c78-d913-4d7d-b825-ad2046d384c4', 'system_monitor_serve', '/system/monitor/serve', 'view.system_monitor_serve', '', 1, 'mdi:server-outline', 4, 0, 0, 0, NULL, 1, '服务监控', 'route.system_monitor_serve', NULL, 0, 0, 0, NULL, NULL);
INSERT INTO `sys_menu` (`id`, `created_at`, `updated_at`, `created_by`, `updated_by`, `parent_id`, `name`, `path`, `component`, `permission`, `type`, `icon`, `order`, `is_ext`, `ext_open_mode`, `keep_alive`, `active_menu`, `status`, `title`, `i18n_key`, `route_name`, `icon_type`, `hide_in_menu`, `multi_tab`, `href`, `fixed_index_in_tab`) VALUES ('95ef477e-b2f0-438b-8173-148efa795800', '2025-03-03 17:53:47.136671', '2025-03-03 17:53:47.136671', NULL, NULL, 'b0058d7b-bc3e-4407-8dc9-e4987b20c27c', '', '', '', 'system:menu:read', 2, '', 2, 0, 0, 0, NULL, 1, '详情', NULL, NULL, 0, 0, 0, NULL, NULL);
INSERT INTO `sys_menu` (`id`, `created_at`, `updated_at`, `created_by`, `updated_by`, `parent_id`, `name`, `path`, `component`, `permission`, `type`, `icon`, `order`, `is_ext`, `ext_open_mode`, `keep_alive`, `active_menu`, `status`, `title`, `i18n_key`, `route_name`, `icon_type`, `hide_in_menu`, `multi_tab`, `href`, `fixed_index_in_tab`) VALUES ('961833d1-34b0-4601-a1b1-2f470372138e', '2025-03-23 10:19:35.843536', '2025-03-23 10:19:35.843536', NULL, NULL, '45ce9a79-f00f-4887-84f0-68492ee35b77', '', NULL, NULL, 'system:dict-item:create', 2, '', 8, 0, 0, 0, NULL, 1, '字典项创建', NULL, NULL, 0, 0, 0, NULL, NULL);
INSERT INTO `sys_menu` (`id`, `created_at`, `updated_at`, `created_by`, `updated_by`, `parent_id`, `name`, `path`, `component`, `permission`, `type`, `icon`, `order`, `is_ext`, `ext_open_mode`, `keep_alive`, `active_menu`, `status`, `title`, `i18n_key`, `route_name`, `icon_type`, `hide_in_menu`, `multi_tab`, `href`, `fixed_index_in_tab`) VALUES ('9b75ef20-c56a-4851-a40d-483add22807a', '2025-03-03 21:49:54.324091', '2025-03-03 21:49:54.324091', NULL, NULL, '20c703d7-8b7f-4b8f-a413-718baf283c25', '', '', '', 'upload:upload', 2, '', 2, 0, 0, 0, NULL, 1, '上传', NULL, NULL, 0, 0, 0, NULL, NULL);
INSERT INTO `sys_menu` (`id`, `created_at`, `updated_at`, `created_by`, `updated_by`, `parent_id`, `name`, `path`, `component`, `permission`, `type`, `icon`, `order`, `is_ext`, `ext_open_mode`, `keep_alive`, `active_menu`, `status`, `title`, `i18n_key`, `route_name`, `icon_type`, `hide_in_menu`, `multi_tab`, `href`, `fixed_index_in_tab`) VALUES ('a1117070-eb52-409c-87af-18a8b34d0be4', '2025-03-03 17:53:22.709654', '2025-03-03 17:53:22.709654', NULL, NULL, 'b0058d7b-bc3e-4407-8dc9-e4987b20c27c', '', '', '', 'system:menu:list', 2, '', 1, 0, 0, 0, NULL, 1, '列表', NULL, NULL, 0, 0, 0, NULL, NULL);
INSERT INTO `sys_menu` (`id`, `created_at`, `updated_at`, `created_by`, `updated_by`, `parent_id`, `name`, `path`, `component`, `permission`, `type`, `icon`, `order`, `is_ext`, `ext_open_mode`, `keep_alive`, `active_menu`, `status`, `title`, `i18n_key`, `route_name`, `icon_type`, `hide_in_menu`, `multi_tab`, `href`, `fixed_index_in_tab`) VALUES ('a6e7f104-bc14-4399-9eec-c6da852d2e0a', '2025-03-03 11:27:18.717941', '2025-03-03 11:27:18.717941', NULL, NULL, '8aee338e-036b-4957-9325-9c67167d33db', 'tools_storage_oss', '/tools/storage/oss', 'view.tools_storage_oss', '', 1, 'mdi:cloud-check-variant-outline', 2, 0, 0, 0, NULL, 1, 'Oss存储', 'route.tools_storage_oss', NULL, 0, 0, 0, NULL, NULL);
INSERT INTO `sys_menu` (`id`, `created_at`, `updated_at`, `created_by`, `updated_by`, `parent_id`, `name`, `path`, `component`, `permission`, `type`, `icon`, `order`, `is_ext`, `ext_open_mode`, `keep_alive`, `active_menu`, `status`, `title`, `i18n_key`, `route_name`, `icon_type`, `hide_in_menu`, `multi_tab`, `href`, `fixed_index_in_tab`) VALUES ('a8fae68f-2010-46e6-99a6-321a8c84a9c3', '2025-03-23 10:19:51.066804', '2025-03-23 10:19:51.066804', NULL, NULL, '45ce9a79-f00f-4887-84f0-68492ee35b77', '', NULL, NULL, 'system:dict-item:update', 2, '', 9, 0, 0, 0, NULL, 1, '字典项修改', NULL, NULL, 0, 0, 0, NULL, NULL);
INSERT INTO `sys_menu` (`id`, `created_at`, `updated_at`, `created_by`, `updated_by`, `parent_id`, `name`, `path`, `component`, `permission`, `type`, `icon`, `order`, `is_ext`, `ext_open_mode`, `keep_alive`, `active_menu`, `status`, `title`, `i18n_key`, `route_name`, `icon_type`, `hide_in_menu`, `multi_tab`, `href`, `fixed_index_in_tab`) VALUES ('b0058d7b-bc3e-4407-8dc9-e4987b20c27c', '2025-02-24 14:17:08.673906', '2025-02-24 14:17:08.673906', NULL, NULL, '733cdfa0-489b-409e-99dc-159c6da3f70c', 'system_menu', '/system/menu', 'view.system_menu', '', 1, 'mdi:list-box-outline', 3, 0, 0, 0, NULL, 1, '菜单管理', 'route.system_menu', NULL, 0, 0, 0, NULL, NULL);
INSERT INTO `sys_menu` (`id`, `created_at`, `updated_at`, `created_by`, `updated_by`, `parent_id`, `name`, `path`, `component`, `permission`, `type`, `icon`, `order`, `is_ext`, `ext_open_mode`, `keep_alive`, `active_menu`, `status`, `title`, `i18n_key`, `route_name`, `icon_type`, `hide_in_menu`, `multi_tab`, `href`, `fixed_index_in_tab`) VALUES ('b0db8e90-1975-41f6-b7e3-edd0c18f14de', '2025-03-09 16:49:09.823710', '2025-03-09 16:49:09.823710', NULL, NULL, '7ed7b3df-09d1-4dcd-a6d5-8e80785b3ad4', '', '', '', 'system:user:create', 2, '', 3, 0, 0, 0, NULL, 1, '创建', NULL, NULL, 0, 0, 0, NULL, NULL);
INSERT INTO `sys_menu` (`id`, `created_at`, `updated_at`, `created_by`, `updated_by`, `parent_id`, `name`, `path`, `component`, `permission`, `type`, `icon`, `order`, `is_ext`, `ext_open_mode`, `keep_alive`, `active_menu`, `status`, `title`, `i18n_key`, `route_name`, `icon_type`, `hide_in_menu`, `multi_tab`, `href`, `fixed_index_in_tab`) VALUES ('b1d88fb7-3909-4cb8-94eb-eba227a10f8a', '2025-03-03 21:28:46.224477', '2025-03-03 21:28:46.224477', NULL, NULL, '20c703d7-8b7f-4b8f-a413-718baf283c25', '', '', '', 'tool:storage:list', 2, '', 1, 0, 0, 0, NULL, 1, '列表', NULL, NULL, 0, 0, 0, NULL, NULL);
INSERT INTO `sys_menu` (`id`, `created_at`, `updated_at`, `created_by`, `updated_by`, `parent_id`, `name`, `path`, `component`, `permission`, `type`, `icon`, `order`, `is_ext`, `ext_open_mode`, `keep_alive`, `active_menu`, `status`, `title`, `i18n_key`, `route_name`, `icon_type`, `hide_in_menu`, `multi_tab`, `href`, `fixed_index_in_tab`) VALUES ('b385439f-9d49-4928-b46c-07011fac91a6', '2025-03-03 21:38:34.756050', '2025-03-03 21:38:34.756050', NULL, NULL, 'e63f1774-d10c-4c27-9776-133f9c8ade0c', '', '', '', 'system:task:once', 2, '', 6, 0, 0, 0, NULL, 1, '启动一次', NULL, NULL, 0, 0, 0, NULL, NULL);
INSERT INTO `sys_menu` (`id`, `created_at`, `updated_at`, `created_by`, `updated_by`, `parent_id`, `name`, `path`, `component`, `permission`, `type`, `icon`, `order`, `is_ext`, `ext_open_mode`, `keep_alive`, `active_menu`, `status`, `title`, `i18n_key`, `route_name`, `icon_type`, `hide_in_menu`, `multi_tab`, `href`, `fixed_index_in_tab`) VALUES ('b9689729-bfe9-449e-b34c-20c8251bbffd', '2025-02-24 10:01:41.926367', '2025-02-24 10:01:41.926367', NULL, NULL, '', 'home', '/home', 'layout.base$view.home', '', 1, 'ic:outline-other-houses', 1, 0, 0, 0, NULL, 1, '首页', 'route.home', NULL, 0, 0, 0, NULL, NULL);
INSERT INTO `sys_menu` (`id`, `created_at`, `updated_at`, `created_by`, `updated_by`, `parent_id`, `name`, `path`, `component`, `permission`, `type`, `icon`, `order`, `is_ext`, `ext_open_mode`, `keep_alive`, `active_menu`, `status`, `title`, `i18n_key`, `route_name`, `icon_type`, `hide_in_menu`, `multi_tab`, `href`, `fixed_index_in_tab`) VALUES ('bc46716e-44e8-4011-ab77-9019bdf8bd98', '2025-03-03 21:37:07.623316', '2025-03-03 21:37:07.623316', NULL, NULL, 'e63f1774-d10c-4c27-9776-133f9c8ade0c', '', '', '', 'system:task:create', 2, '', 3, 0, 0, 0, NULL, 1, '创建', NULL, NULL, 0, 0, 0, NULL, NULL);
INSERT INTO `sys_menu` (`id`, `created_at`, `updated_at`, `created_by`, `updated_by`, `parent_id`, `name`, `path`, `component`, `permission`, `type`, `icon`, `order`, `is_ext`, `ext_open_mode`, `keep_alive`, `active_menu`, `status`, `title`, `i18n_key`, `route_name`, `icon_type`, `hide_in_menu`, `multi_tab`, `href`, `fixed_index_in_tab`) VALUES ('c202fe6e-9155-434b-b797-fba36ef9e5c5', '2025-03-03 21:22:51.401940', '2025-03-03 21:22:51.401940', NULL, NULL, '60ff95d2-0591-4c4d-818e-1b9e71029e4a', '', '', '', 'system:parameter:read', 2, '', 2, 0, 0, 0, NULL, 1, '详情', NULL, NULL, 0, 0, 0, NULL, NULL);
INSERT INTO `sys_menu` (`id`, `created_at`, `updated_at`, `created_by`, `updated_by`, `parent_id`, `name`, `path`, `component`, `permission`, `type`, `icon`, `order`, `is_ext`, `ext_open_mode`, `keep_alive`, `active_menu`, `status`, `title`, `i18n_key`, `route_name`, `icon_type`, `hide_in_menu`, `multi_tab`, `href`, `fixed_index_in_tab`) VALUES ('c478b017-2cf8-44ae-81f5-85acb28202ed', '2025-03-09 16:49:28.142486', '2025-03-09 16:49:28.142486', NULL, NULL, '7ed7b3df-09d1-4dcd-a6d5-8e80785b3ad4', '', '', '', 'system:user:update', 2, '', 4, 0, 0, 0, NULL, 1, '修改', NULL, NULL, 0, 0, 0, NULL, NULL);
INSERT INTO `sys_menu` (`id`, `created_at`, `updated_at`, `created_by`, `updated_by`, `parent_id`, `name`, `path`, `component`, `permission`, `type`, `icon`, `order`, `is_ext`, `ext_open_mode`, `keep_alive`, `active_menu`, `status`, `title`, `i18n_key`, `route_name`, `icon_type`, `hide_in_menu`, `multi_tab`, `href`, `fixed_index_in_tab`) VALUES ('c9580366-5440-4451-b81e-309d027679f4', '2025-03-03 17:54:46.192200', '2025-03-03 17:54:46.192200', NULL, NULL, 'b0058d7b-bc3e-4407-8dc9-e4987b20c27c', '', '', '', 'system:menu:delete', 2, '', 5, 0, 0, 0, NULL, 1, '删除', NULL, NULL, 0, 0, 0, NULL, NULL);
INSERT INTO `sys_menu` (`id`, `created_at`, `updated_at`, `created_by`, `updated_by`, `parent_id`, `name`, `path`, `component`, `permission`, `type`, `icon`, `order`, `is_ext`, `ext_open_mode`, `keep_alive`, `active_menu`, `status`, `title`, `i18n_key`, `route_name`, `icon_type`, `hide_in_menu`, `multi_tab`, `href`, `fixed_index_in_tab`) VALUES ('d01fa481-1e35-4d0a-9c6f-3ef86fb52750', '2025-03-09 16:51:48.070173', '2025-03-09 16:51:48.070173', NULL, NULL, '7ed7b3df-09d1-4dcd-a6d5-8e80785b3ad4', '', '', '', 'system:user:pass:reset', 2, '', 6, 0, 0, 0, NULL, 1, '重置密码', NULL, NULL, 0, 0, 0, NULL, NULL);
INSERT INTO `sys_menu` (`id`, `created_at`, `updated_at`, `created_by`, `updated_by`, `parent_id`, `name`, `path`, `component`, `permission`, `type`, `icon`, `order`, `is_ext`, `ext_open_mode`, `keep_alive`, `active_menu`, `status`, `title`, `i18n_key`, `route_name`, `icon_type`, `hide_in_menu`, `multi_tab`, `href`, `fixed_index_in_tab`) VALUES ('d5b734d2-f112-4014-bb62-041c0fe2a0b4', '2025-03-03 17:51:54.637531', '2025-03-03 17:51:54.637531', NULL, NULL, '8ec61125-cec6-4d14-a247-58ed01533040', '', '', '', 'system:role:list', 2, '', 1, 0, 0, 0, NULL, 1, '列表', NULL, NULL, 0, 0, 0, NULL, NULL);
INSERT INTO `sys_menu` (`id`, `created_at`, `updated_at`, `created_by`, `updated_by`, `parent_id`, `name`, `path`, `component`, `permission`, `type`, `icon`, `order`, `is_ext`, `ext_open_mode`, `keep_alive`, `active_menu`, `status`, `title`, `i18n_key`, `route_name`, `icon_type`, `hide_in_menu`, `multi_tab`, `href`, `fixed_index_in_tab`) VALUES ('d8c1f623-9fde-4005-a9a4-8192a89db90d', '2025-03-03 11:16:45.577273', '2025-03-03 11:16:45.577273', NULL, NULL, '3e723f23-d5fe-41ac-a255-882b2e46eb3f', 'system_schedule_task-log', '/system/schedule/task-log', 'view.system_schedule_task-log', '', 1, 'mdi:invoice-text-clock-outline', 2, 0, 0, 0, NULL, 1, '任务日志', 'route.system_schedule_task-log', NULL, 0, 0, 0, NULL, NULL);
INSERT INTO `sys_menu` (`id`, `created_at`, `updated_at`, `created_by`, `updated_by`, `parent_id`, `name`, `path`, `component`, `permission`, `type`, `icon`, `order`, `is_ext`, `ext_open_mode`, `keep_alive`, `active_menu`, `status`, `title`, `i18n_key`, `route_name`, `icon_type`, `hide_in_menu`, `multi_tab`, `href`, `fixed_index_in_tab`) VALUES ('e04f6384-93b2-41b8-9f32-10e0ae04f637', '2025-03-03 17:56:25.695577', '2025-03-03 17:56:25.695577', NULL, NULL, '8d1065a6-2393-4f36-b0db-2c9dcf9e6e3e', '', '', '', 'system:log:login:list', 2, '', 1, 0, 0, 0, NULL, 1, '列表', NULL, NULL, 0, 0, 0, NULL, NULL);
INSERT INTO `sys_menu` (`id`, `created_at`, `updated_at`, `created_by`, `updated_by`, `parent_id`, `name`, `path`, `component`, `permission`, `type`, `icon`, `order`, `is_ext`, `ext_open_mode`, `keep_alive`, `active_menu`, `status`, `title`, `i18n_key`, `route_name`, `icon_type`, `hide_in_menu`, `multi_tab`, `href`, `fixed_index_in_tab`) VALUES ('e63f1774-d10c-4c27-9776-133f9c8ade0c', '2025-03-03 11:16:08.733708', '2025-03-03 11:16:08.733708', NULL, NULL, '3e723f23-d5fe-41ac-a255-882b2e46eb3f', 'system_schedule_task', '/system/schedule/task', 'view.system_schedule_task', '', 1, 'mdi:timer-cog-outline', 1, 0, 0, 0, NULL, 1, '定时任务', 'route.system_schedule_task', NULL, 0, 0, 0, NULL, NULL);
INSERT INTO `sys_menu` (`id`, `created_at`, `updated_at`, `created_by`, `updated_by`, `parent_id`, `name`, `path`, `component`, `permission`, `type`, `icon`, `order`, `is_ext`, `ext_open_mode`, `keep_alive`, `active_menu`, `status`, `title`, `i18n_key`, `route_name`, `icon_type`, `hide_in_menu`, `multi_tab`, `href`, `fixed_index_in_tab`) VALUES ('e8503703-694e-4c2e-8521-164452dcfed1', '2025-03-03 17:52:52.165369', '2025-03-03 17:52:52.165369', NULL, NULL, '8ec61125-cec6-4d14-a247-58ed01533040', '', '', '', 'system:role:update', 2, '', 4, 0, 0, 0, NULL, 1, '修改', NULL, NULL, 0, 0, 0, NULL, NULL);
INSERT INTO `sys_menu` (`id`, `created_at`, `updated_at`, `created_by`, `updated_by`, `parent_id`, `name`, `path`, `component`, `permission`, `type`, `icon`, `order`, `is_ext`, `ext_open_mode`, `keep_alive`, `active_menu`, `status`, `title`, `i18n_key`, `route_name`, `icon_type`, `hide_in_menu`, `multi_tab`, `href`, `fixed_index_in_tab`) VALUES ('eb95d541-04e2-47ae-9f92-9773ade8cc03', '2025-03-04 23:34:10.129717', '2025-03-04 23:34:10.129717', NULL, NULL, '22b097cf-fa6e-43ac-b81e-f1b7b981e1ff', '', '', '', 'system:log:captcha:delete', 2, '', 2, 0, 0, 0, NULL, 1, '删除', NULL, NULL, 0, 0, 0, NULL, NULL);
INSERT INTO `sys_menu` (`id`, `created_at`, `updated_at`, `created_by`, `updated_by`, `parent_id`, `name`, `path`, `component`, `permission`, `type`, `icon`, `order`, `is_ext`, `ext_open_mode`, `keep_alive`, `active_menu`, `status`, `title`, `i18n_key`, `route_name`, `icon_type`, `hide_in_menu`, `multi_tab`, `href`, `fixed_index_in_tab`) VALUES ('efb078ac-ca26-4cc9-9690-9cbdcd9aab79', '2025-03-03 17:56:44.193147', '2025-03-03 17:56:44.193147', NULL, NULL, '22b097cf-fa6e-43ac-b81e-f1b7b981e1ff', '', '', '', 'system:log:captcha:list', 2, '', 1, 0, 0, 0, NULL, 1, '列表', NULL, NULL, 0, 0, 0, NULL, NULL);
INSERT INTO `sys_menu` (`id`, `created_at`, `updated_at`, `created_by`, `updated_by`, `parent_id`, `name`, `path`, `component`, `permission`, `type`, `icon`, `order`, `is_ext`, `ext_open_mode`, `keep_alive`, `active_menu`, `status`, `title`, `i18n_key`, `route_name`, `icon_type`, `hide_in_menu`, `multi_tab`, `href`, `fixed_index_in_tab`) VALUES ('f175c4be-9d89-49f5-a052-d7381a5b40e0', '2025-03-23 10:16:38.127317', '2025-03-23 10:16:38.127317', NULL, NULL, '45ce9a79-f00f-4887-84f0-68492ee35b77', '', NULL, NULL, 'system:dict-type:list', 2, '', 1, 0, 0, 0, NULL, 1, '字典类型列表', NULL, NULL, 0, 0, 0, NULL, NULL);
INSERT INTO `sys_menu` (`id`, `created_at`, `updated_at`, `created_by`, `updated_by`, `parent_id`, `name`, `path`, `component`, `permission`, `type`, `icon`, `order`, `is_ext`, `ext_open_mode`, `keep_alive`, `active_menu`, `status`, `title`, `i18n_key`, `route_name`, `icon_type`, `hide_in_menu`, `multi_tab`, `href`, `fixed_index_in_tab`) VALUES ('f6017b6c-55a4-430a-9d4d-896ef9258520', '2025-03-23 10:18:58.733578', '2025-03-23 10:18:58.733578', NULL, NULL, '45ce9a79-f00f-4887-84f0-68492ee35b77', '', NULL, NULL, 'system:dict-item:list', 2, '', 6, 0, 0, 0, NULL, 1, '字典项列表', NULL, NULL, 0, 0, 0, NULL, NULL);
INSERT INTO `sys_menu` (`id`, `created_at`, `updated_at`, `created_by`, `updated_by`, `parent_id`, `name`, `path`, `component`, `permission`, `type`, `icon`, `order`, `is_ext`, `ext_open_mode`, `keep_alive`, `active_menu`, `status`, `title`, `i18n_key`, `route_name`, `icon_type`, `hide_in_menu`, `multi_tab`, `href`, `fixed_index_in_tab`) VALUES ('f68dfe04-075b-4345-b582-4f8a718ddc11', '2025-03-03 21:25:54.455985', '2025-03-03 21:25:54.455985', NULL, NULL, '74c2fc82-c8dc-490e-9ae3-17cab4193f08', '', '', '', 'tool:mail:send', 2, '', 1, 0, 0, 0, NULL, 1, '发送', NULL, NULL, 0, 0, 0, NULL, NULL);
INSERT INTO `sys_menu` (`id`, `created_at`, `updated_at`, `created_by`, `updated_by`, `parent_id`, `name`, `path`, `component`, `permission`, `type`, `icon`, `order`, `is_ext`, `ext_open_mode`, `keep_alive`, `active_menu`, `status`, `title`, `i18n_key`, `route_name`, `icon_type`, `hide_in_menu`, `multi_tab`, `href`, `fixed_index_in_tab`) VALUES ('f70685c1-fcfa-41a2-8904-85168321dd01', '2025-03-04 23:33:16.176880', '2025-03-04 23:33:16.176880', NULL, NULL, 'd8c1f623-9fde-4005-a9a4-8192a89db90d', '', '', '', 'system:log:task:delete', 2, '', 2, 0, 0, 0, NULL, 1, '删除', NULL, NULL, 0, 0, 0, NULL, NULL);
INSERT INTO `sys_menu` (`id`, `created_at`, `updated_at`, `created_by`, `updated_by`, `parent_id`, `name`, `path`, `component`, `permission`, `type`, `icon`, `order`, `is_ext`, `ext_open_mode`, `keep_alive`, `active_menu`, `status`, `title`, `i18n_key`, `route_name`, `icon_type`, `hide_in_menu`, `multi_tab`, `href`, `fixed_index_in_tab`) VALUES ('f7671af7-c2f2-44b4-808e-689d52e93745', '2025-03-03 17:56:03.854346', '2025-03-03 17:56:03.854346', NULL, NULL, '6e845f4d-6be4-445a-9423-53507aed82a1', '', '', '', 'system:online:kick', 2, '', 2, 0, 0, 0, NULL, 1, '下线', NULL, NULL, 0, 0, 0, NULL, NULL);
INSERT INTO `sys_menu` (`id`, `created_at`, `updated_at`, `created_by`, `updated_by`, `parent_id`, `name`, `path`, `component`, `permission`, `type`, `icon`, `order`, `is_ext`, `ext_open_mode`, `keep_alive`, `active_menu`, `status`, `title`, `i18n_key`, `route_name`, `icon_type`, `hide_in_menu`, `multi_tab`, `href`, `fixed_index_in_tab`) VALUES ('fcb1b735-48cf-454b-aeb2-4ac470de2826', '2025-03-16 18:31:55.109762', '2025-03-16 18:31:55.109762', NULL, NULL, '', 'Blog', '/blog', 'layout.base', NULL, 0, 'mdi:book-heart-outline', 4, 0, 0, 0, NULL, 1, '博客', 'route.blog', NULL, 0, 0, 0, NULL, NULL);
COMMIT;

-- ----------------------------
-- Table structure for sys_parameter
-- ----------------------------
DROP TABLE IF EXISTS `sys_parameter`;
CREATE TABLE `sys_parameter` (
  `id` varchar(36) CHARACTER SET utf8mb4 COLLATE utf8mb4_0900_ai_ci NOT NULL,
  `created_at` datetime(6) NOT NULL DEFAULT CURRENT_TIMESTAMP(6),
  `updated_at` datetime(6) NOT NULL DEFAULT CURRENT_TIMESTAMP(6),
  `created_by` varchar(255) CHARACTER SET utf8mb4 COLLATE utf8mb4_0900_ai_ci DEFAULT NULL COMMENT '创建人',
  `updated_by` varchar(255) CHARACTER SET utf8mb4 COLLATE utf8mb4_0900_ai_ci DEFAULT NULL COMMENT '修改者',
  `name` varchar(50) CHARACTER SET utf8mb4 COLLATE utf8mb4_0900_ai_ci DEFAULT NULL COMMENT '参数名称',
  `key` varchar(255) CHARACTER SET utf8mb4 COLLATE utf8mb4_0900_ai_ci NOT NULL COMMENT '参数键',
  `value` varchar(255) CHARACTER SET utf8mb4 COLLATE utf8mb4_0900_ai_ci NOT NULL COMMENT '参数值',
  `remark` varchar(255) CHARACTER SET utf8mb4 COLLATE utf8mb4_0900_ai_ci DEFAULT NULL COMMENT '备注',
  PRIMARY KEY (`id`) USING BTREE
) ENGINE=InnoDB DEFAULT CHARSET=utf8mb4 COLLATE=utf8mb4_0900_ai_ci ROW_FORMAT=DYNAMIC;

-- ----------------------------
-- Records of sys_parameter
-- ----------------------------
BEGIN;
INSERT INTO `sys_parameter` (`id`, `created_at`, `updated_at`, `created_by`, `updated_by`, `name`, `key`, `value`, `remark`) VALUES ('2684f091-5e85-4559-b881-9d50fef629dc', '2025-04-07 00:30:34.208813', '2025-04-07 00:30:34.208813', NULL, NULL, '登录页是否显示验证码', 'login.captcha.enable', 'false', '配置 为 true 才会校验验证码、登录页面才显示验证码');
INSERT INTO `sys_parameter` (`id`, `created_at`, `updated_at`, `created_by`, `updated_by`, `name`, `key`, `value`, `remark`) VALUES ('3805504d-9e75-4631-bfa8-c519291405fa', '2025-04-07 00:31:04.062426', '2025-04-07 00:31:04.062426', NULL, NULL, '是否允许除超级管理员外的用户修改数据', 'auth.modify.enable', 'false', '配置为 false 时，则除了超级管理员之外都不能修改数据，用于演示系统时使用，正常使用后台的情况下都配置为true即可');
INSERT INTO `sys_parameter` (`id`, `created_at`, `updated_at`, `created_by`, `updated_by`, `name`, `key`, `value`, `remark`) VALUES ('ad563e44-9c13-4837-b4d6-2d5da76f01aa', '2025-03-31 22:57:14.147187', '2025-03-31 22:57:14.147187', NULL, NULL, '待办', 'todo', '1、增加公告管理\n2、增加缓存管理 管理 redis\n3、增加数据监控 mysql', '');
COMMIT;

-- ----------------------------
-- Table structure for sys_role
-- ----------------------------
DROP TABLE IF EXISTS `sys_role`;
CREATE TABLE `sys_role` (
  `id` varchar(36) CHARACTER SET utf8mb4 COLLATE utf8mb4_0900_ai_ci NOT NULL,
  `created_at` datetime(6) NOT NULL DEFAULT CURRENT_TIMESTAMP(6),
  `updated_at` datetime(6) NOT NULL DEFAULT CURRENT_TIMESTAMP(6),
  `created_by` varchar(255) CHARACTER SET utf8mb4 COLLATE utf8mb4_0900_ai_ci DEFAULT NULL COMMENT '创建人',
  `updated_by` varchar(255) CHARACTER SET utf8mb4 COLLATE utf8mb4_0900_ai_ci DEFAULT NULL COMMENT '修改者',
  `name` varchar(50) CHARACTER SET utf8mb4 COLLATE utf8mb4_0900_ai_ci NOT NULL COMMENT '角色名称',
  `value` varchar(50) CHARACTER SET utf8mb4 COLLATE utf8mb4_0900_ai_ci NOT NULL COMMENT '角色标识',
  `description` varchar(255) CHARACTER SET utf8mb4 COLLATE utf8mb4_0900_ai_ci DEFAULT NULL COMMENT '角色描述',
  `status` tinyint NOT NULL DEFAULT '1' COMMENT '角色状态 1 启用 0 禁用',
  `default` tinyint DEFAULT NULL COMMENT '是否系统默认角色',
  PRIMARY KEY (`id`) USING BTREE,
  UNIQUE KEY `IDX_223de54d6badbe43a5490450c3` (`name`) USING BTREE,
  UNIQUE KEY `IDX_05edc0a51f41bb16b7d8137da9` (`value`) USING BTREE
) ENGINE=InnoDB DEFAULT CHARSET=utf8mb4 COLLATE=utf8mb4_0900_ai_ci ROW_FORMAT=DYNAMIC;

-- ----------------------------
-- Records of sys_role
-- ----------------------------
BEGIN;
INSERT INTO `sys_role` (`id`, `created_at`, `updated_at`, `created_by`, `updated_by`, `name`, `value`, `description`, `status`, `default`) VALUES ('43df8dd8-a7ab-4fdc-82bf-c322f206d8e1', '2025-02-21 16:53:46.279755', '2025-02-21 16:53:46.279755', 'superadmin', NULL, '测试', 'test', '测试角色', 1, 0);
INSERT INTO `sys_role` (`id`, `created_at`, `updated_at`, `created_by`, `updated_by`, `name`, `value`, `description`, `status`, `default`) VALUES ('9c361d40-3d44-4f76-9896-770d0ac4bba1', '2025-03-04 21:54:54.357716', '2025-03-04 21:54:54.357716', '7eddd6ca-b564-4a53-be05-a1db1c962c6f', NULL, '游客', 'guest', '游客', 1, 1);
INSERT INTO `sys_role` (`id`, `created_at`, `updated_at`, `created_by`, `updated_by`, `name`, `value`, `description`, `status`, `default`) VALUES ('bf468315-8ceb-4e18-8fc7-bd9743c5a4c7', '2025-02-21 16:53:12.915722', '2025-02-21 16:53:12.915722', 'superadmin', NULL, '管理员', 'admin', '管理员', 1, 0);
COMMIT;

-- ----------------------------
-- Table structure for sys_role_menus
-- ----------------------------
DROP TABLE IF EXISTS `sys_role_menus`;
CREATE TABLE `sys_role_menus` (
  `role_id` varchar(36) CHARACTER SET utf8mb4 COLLATE utf8mb4_0900_ai_ci NOT NULL,
  `menu_id` varchar(36) CHARACTER SET utf8mb4 COLLATE utf8mb4_0900_ai_ci NOT NULL,
  PRIMARY KEY (`role_id`,`menu_id`) USING BTREE,
  KEY `IDX_35ce749b04d57e226d059e0f63` (`role_id`) USING BTREE,
  KEY `IDX_2b95fdc95b329d66c18f5baed6` (`menu_id`) USING BTREE,
  CONSTRAINT `FK_2b95fdc95b329d66c18f5baed6d` FOREIGN KEY (`menu_id`) REFERENCES `sys_menu` (`id`) ON DELETE CASCADE,
  CONSTRAINT `FK_35ce749b04d57e226d059e0f633` FOREIGN KEY (`role_id`) REFERENCES `sys_role` (`id`) ON DELETE CASCADE ON UPDATE CASCADE
) ENGINE=InnoDB DEFAULT CHARSET=utf8mb4 COLLATE=utf8mb4_0900_ai_ci ROW_FORMAT=DYNAMIC;

-- ----------------------------
-- Records of sys_role_menus
-- ----------------------------
BEGIN;
INSERT INTO `sys_role_menus` (`role_id`, `menu_id`) VALUES ('43df8dd8-a7ab-4fdc-82bf-c322f206d8e1', '158f8876-c8aa-496d-83b7-a30f1475d8fe');
INSERT INTO `sys_role_menus` (`role_id`, `menu_id`) VALUES ('43df8dd8-a7ab-4fdc-82bf-c322f206d8e1', '20c703d7-8b7f-4b8f-a413-718baf283c25');
INSERT INTO `sys_role_menus` (`role_id`, `menu_id`) VALUES ('43df8dd8-a7ab-4fdc-82bf-c322f206d8e1', '22b097cf-fa6e-43ac-b81e-f1b7b981e1ff');
INSERT INTO `sys_role_menus` (`role_id`, `menu_id`) VALUES ('43df8dd8-a7ab-4fdc-82bf-c322f206d8e1', '24efe79c-a7f0-4ca3-b98c-580dbb31b014');
INSERT INTO `sys_role_menus` (`role_id`, `menu_id`) VALUES ('43df8dd8-a7ab-4fdc-82bf-c322f206d8e1', '2b4c4b75-955a-477c-8190-9c1474d75a3f');
INSERT INTO `sys_role_menus` (`role_id`, `menu_id`) VALUES ('43df8dd8-a7ab-4fdc-82bf-c322f206d8e1', '30f1ed7f-554f-4465-9fa7-ea2a252ecaa7');
INSERT INTO `sys_role_menus` (`role_id`, `menu_id`) VALUES ('43df8dd8-a7ab-4fdc-82bf-c322f206d8e1', '3d1f445c-f662-49d6-8122-2eedea1d5cbb');
INSERT INTO `sys_role_menus` (`role_id`, `menu_id`) VALUES ('43df8dd8-a7ab-4fdc-82bf-c322f206d8e1', '3e723f23-d5fe-41ac-a255-882b2e46eb3f');
INSERT INTO `sys_role_menus` (`role_id`, `menu_id`) VALUES ('43df8dd8-a7ab-4fdc-82bf-c322f206d8e1', '43a2faa4-edbd-4b0b-8486-f0b6f2e86bae');
INSERT INTO `sys_role_menus` (`role_id`, `menu_id`) VALUES ('43df8dd8-a7ab-4fdc-82bf-c322f206d8e1', '45ce9a79-f00f-4887-84f0-68492ee35b77');
INSERT INTO `sys_role_menus` (`role_id`, `menu_id`) VALUES ('43df8dd8-a7ab-4fdc-82bf-c322f206d8e1', '4ee93aeb-218a-4a36-b204-f5e7ef9ce336');
INSERT INTO `sys_role_menus` (`role_id`, `menu_id`) VALUES ('43df8dd8-a7ab-4fdc-82bf-c322f206d8e1', '527dab80-6860-48c3-8aa3-b70428711cb7');
INSERT INTO `sys_role_menus` (`role_id`, `menu_id`) VALUES ('43df8dd8-a7ab-4fdc-82bf-c322f206d8e1', '5ff0e3a1-8a8f-40be-9182-78ddf0cd82e3');
INSERT INTO `sys_role_menus` (`role_id`, `menu_id`) VALUES ('43df8dd8-a7ab-4fdc-82bf-c322f206d8e1', '60ff95d2-0591-4c4d-818e-1b9e71029e4a');
INSERT INTO `sys_role_menus` (`role_id`, `menu_id`) VALUES ('43df8dd8-a7ab-4fdc-82bf-c322f206d8e1', '64810e7b-1f24-461b-b157-450d367e5d5b');
INSERT INTO `sys_role_menus` (`role_id`, `menu_id`) VALUES ('43df8dd8-a7ab-4fdc-82bf-c322f206d8e1', '65878bdf-abc4-4177-aab0-a05d93a89035');
INSERT INTO `sys_role_menus` (`role_id`, `menu_id`) VALUES ('43df8dd8-a7ab-4fdc-82bf-c322f206d8e1', '67da4bc1-9d62-4eee-91c5-5688d4c269d1');
INSERT INTO `sys_role_menus` (`role_id`, `menu_id`) VALUES ('43df8dd8-a7ab-4fdc-82bf-c322f206d8e1', '6e845f4d-6be4-445a-9423-53507aed82a1');
INSERT INTO `sys_role_menus` (`role_id`, `menu_id`) VALUES ('43df8dd8-a7ab-4fdc-82bf-c322f206d8e1', '70238d0b-0fa0-4477-bded-fe36e62af9ee');
INSERT INTO `sys_role_menus` (`role_id`, `menu_id`) VALUES ('43df8dd8-a7ab-4fdc-82bf-c322f206d8e1', '733cdfa0-489b-409e-99dc-159c6da3f70c');
INSERT INTO `sys_role_menus` (`role_id`, `menu_id`) VALUES ('43df8dd8-a7ab-4fdc-82bf-c322f206d8e1', '74c2fc82-c8dc-490e-9ae3-17cab4193f08');
INSERT INTO `sys_role_menus` (`role_id`, `menu_id`) VALUES ('43df8dd8-a7ab-4fdc-82bf-c322f206d8e1', '7571fa79-918d-4d7e-b620-e4a6b94023b7');
INSERT INTO `sys_role_menus` (`role_id`, `menu_id`) VALUES ('43df8dd8-a7ab-4fdc-82bf-c322f206d8e1', '79ef844a-76d1-4932-b6af-e5c4d735b67c');
INSERT INTO `sys_role_menus` (`role_id`, `menu_id`) VALUES ('43df8dd8-a7ab-4fdc-82bf-c322f206d8e1', '7ed7b3df-09d1-4dcd-a6d5-8e80785b3ad4');
INSERT INTO `sys_role_menus` (`role_id`, `menu_id`) VALUES ('43df8dd8-a7ab-4fdc-82bf-c322f206d8e1', '8191018a-156d-4190-96ca-8c97ddc521c4');
INSERT INTO `sys_role_menus` (`role_id`, `menu_id`) VALUES ('43df8dd8-a7ab-4fdc-82bf-c322f206d8e1', '88a5cc81-d9fc-4d49-9a50-36b0a97bb12a');
INSERT INTO `sys_role_menus` (`role_id`, `menu_id`) VALUES ('43df8dd8-a7ab-4fdc-82bf-c322f206d8e1', '89a72c78-d913-4d7d-b825-ad2046d384c4');
INSERT INTO `sys_role_menus` (`role_id`, `menu_id`) VALUES ('43df8dd8-a7ab-4fdc-82bf-c322f206d8e1', '8aee338e-036b-4957-9325-9c67167d33db');
INSERT INTO `sys_role_menus` (`role_id`, `menu_id`) VALUES ('43df8dd8-a7ab-4fdc-82bf-c322f206d8e1', '8bf0f5ea-608c-475a-b9e0-d40fdb89853a');
INSERT INTO `sys_role_menus` (`role_id`, `menu_id`) VALUES ('43df8dd8-a7ab-4fdc-82bf-c322f206d8e1', '8d1065a6-2393-4f36-b0db-2c9dcf9e6e3e');
INSERT INTO `sys_role_menus` (`role_id`, `menu_id`) VALUES ('43df8dd8-a7ab-4fdc-82bf-c322f206d8e1', '8e35bd57-07c9-4603-a2d2-8ead7229bf38');
INSERT INTO `sys_role_menus` (`role_id`, `menu_id`) VALUES ('43df8dd8-a7ab-4fdc-82bf-c322f206d8e1', '8ec61125-cec6-4d14-a247-58ed01533040');
INSERT INTO `sys_role_menus` (`role_id`, `menu_id`) VALUES ('43df8dd8-a7ab-4fdc-82bf-c322f206d8e1', '92369b98-5fe8-4349-8f87-83d6ae491222');
INSERT INTO `sys_role_menus` (`role_id`, `menu_id`) VALUES ('43df8dd8-a7ab-4fdc-82bf-c322f206d8e1', '95ef477e-b2f0-438b-8173-148efa795800');
INSERT INTO `sys_role_menus` (`role_id`, `menu_id`) VALUES ('43df8dd8-a7ab-4fdc-82bf-c322f206d8e1', '9b75ef20-c56a-4851-a40d-483add22807a');
INSERT INTO `sys_role_menus` (`role_id`, `menu_id`) VALUES ('43df8dd8-a7ab-4fdc-82bf-c322f206d8e1', 'a1117070-eb52-409c-87af-18a8b34d0be4');
INSERT INTO `sys_role_menus` (`role_id`, `menu_id`) VALUES ('43df8dd8-a7ab-4fdc-82bf-c322f206d8e1', 'a6e7f104-bc14-4399-9eec-c6da852d2e0a');
INSERT INTO `sys_role_menus` (`role_id`, `menu_id`) VALUES ('43df8dd8-a7ab-4fdc-82bf-c322f206d8e1', 'b0058d7b-bc3e-4407-8dc9-e4987b20c27c');
INSERT INTO `sys_role_menus` (`role_id`, `menu_id`) VALUES ('43df8dd8-a7ab-4fdc-82bf-c322f206d8e1', 'b1d88fb7-3909-4cb8-94eb-eba227a10f8a');
INSERT INTO `sys_role_menus` (`role_id`, `menu_id`) VALUES ('43df8dd8-a7ab-4fdc-82bf-c322f206d8e1', 'b9689729-bfe9-449e-b34c-20c8251bbffd');
INSERT INTO `sys_role_menus` (`role_id`, `menu_id`) VALUES ('43df8dd8-a7ab-4fdc-82bf-c322f206d8e1', 'c202fe6e-9155-434b-b797-fba36ef9e5c5');
INSERT INTO `sys_role_menus` (`role_id`, `menu_id`) VALUES ('43df8dd8-a7ab-4fdc-82bf-c322f206d8e1', 'd5b734d2-f112-4014-bb62-041c0fe2a0b4');
INSERT INTO `sys_role_menus` (`role_id`, `menu_id`) VALUES ('43df8dd8-a7ab-4fdc-82bf-c322f206d8e1', 'd8c1f623-9fde-4005-a9a4-8192a89db90d');
INSERT INTO `sys_role_menus` (`role_id`, `menu_id`) VALUES ('43df8dd8-a7ab-4fdc-82bf-c322f206d8e1', 'e04f6384-93b2-41b8-9f32-10e0ae04f637');
INSERT INTO `sys_role_menus` (`role_id`, `menu_id`) VALUES ('43df8dd8-a7ab-4fdc-82bf-c322f206d8e1', 'e63f1774-d10c-4c27-9776-133f9c8ade0c');
INSERT INTO `sys_role_menus` (`role_id`, `menu_id`) VALUES ('43df8dd8-a7ab-4fdc-82bf-c322f206d8e1', 'efb078ac-ca26-4cc9-9690-9cbdcd9aab79');
INSERT INTO `sys_role_menus` (`role_id`, `menu_id`) VALUES ('43df8dd8-a7ab-4fdc-82bf-c322f206d8e1', 'f175c4be-9d89-49f5-a052-d7381a5b40e0');
INSERT INTO `sys_role_menus` (`role_id`, `menu_id`) VALUES ('43df8dd8-a7ab-4fdc-82bf-c322f206d8e1', 'f6017b6c-55a4-430a-9d4d-896ef9258520');
INSERT INTO `sys_role_menus` (`role_id`, `menu_id`) VALUES ('43df8dd8-a7ab-4fdc-82bf-c322f206d8e1', 'f68dfe04-075b-4345-b582-4f8a718ddc11');
INSERT INTO `sys_role_menus` (`role_id`, `menu_id`) VALUES ('43df8dd8-a7ab-4fdc-82bf-c322f206d8e1', 'fcb1b735-48cf-454b-aeb2-4ac470de2826');
INSERT INTO `sys_role_menus` (`role_id`, `menu_id`) VALUES ('9c361d40-3d44-4f76-9896-770d0ac4bba1', '2b4c4b75-955a-477c-8190-9c1474d75a3f');
INSERT INTO `sys_role_menus` (`role_id`, `menu_id`) VALUES ('9c361d40-3d44-4f76-9896-770d0ac4bba1', '5ff0e3a1-8a8f-40be-9182-78ddf0cd82e3');
INSERT INTO `sys_role_menus` (`role_id`, `menu_id`) VALUES ('9c361d40-3d44-4f76-9896-770d0ac4bba1', '8bf0f5ea-608c-475a-b9e0-d40fdb89853a');
INSERT INTO `sys_role_menus` (`role_id`, `menu_id`) VALUES ('9c361d40-3d44-4f76-9896-770d0ac4bba1', 'b9689729-bfe9-449e-b34c-20c8251bbffd');
INSERT INTO `sys_role_menus` (`role_id`, `menu_id`) VALUES ('9c361d40-3d44-4f76-9896-770d0ac4bba1', 'fcb1b735-48cf-454b-aeb2-4ac470de2826');
INSERT INTO `sys_role_menus` (`role_id`, `menu_id`) VALUES ('bf468315-8ceb-4e18-8fc7-bd9743c5a4c7', '05218e60-3eae-4803-afcb-786bfda4e100');
INSERT INTO `sys_role_menus` (`role_id`, `menu_id`) VALUES ('bf468315-8ceb-4e18-8fc7-bd9743c5a4c7', '0eb29306-e4f9-4bb6-a803-4d589b85d751');
INSERT INTO `sys_role_menus` (`role_id`, `menu_id`) VALUES ('bf468315-8ceb-4e18-8fc7-bd9743c5a4c7', '11062117-82e2-462b-a12e-706f06aae2eb');
INSERT INTO `sys_role_menus` (`role_id`, `menu_id`) VALUES ('bf468315-8ceb-4e18-8fc7-bd9743c5a4c7', '158f8876-c8aa-496d-83b7-a30f1475d8fe');
INSERT INTO `sys_role_menus` (`role_id`, `menu_id`) VALUES ('bf468315-8ceb-4e18-8fc7-bd9743c5a4c7', '20c703d7-8b7f-4b8f-a413-718baf283c25');
INSERT INTO `sys_role_menus` (`role_id`, `menu_id`) VALUES ('bf468315-8ceb-4e18-8fc7-bd9743c5a4c7', '224f264f-f8b2-46f4-a40c-91e009ffafc5');
INSERT INTO `sys_role_menus` (`role_id`, `menu_id`) VALUES ('bf468315-8ceb-4e18-8fc7-bd9743c5a4c7', '22b097cf-fa6e-43ac-b81e-f1b7b981e1ff');
INSERT INTO `sys_role_menus` (`role_id`, `menu_id`) VALUES ('bf468315-8ceb-4e18-8fc7-bd9743c5a4c7', '24efe79c-a7f0-4ca3-b98c-580dbb31b014');
INSERT INTO `sys_role_menus` (`role_id`, `menu_id`) VALUES ('bf468315-8ceb-4e18-8fc7-bd9743c5a4c7', '26178ddf-5654-42cd-9aa7-2d7cdfe48a3e');
INSERT INTO `sys_role_menus` (`role_id`, `menu_id`) VALUES ('bf468315-8ceb-4e18-8fc7-bd9743c5a4c7', '2b4c4b75-955a-477c-8190-9c1474d75a3f');
INSERT INTO `sys_role_menus` (`role_id`, `menu_id`) VALUES ('bf468315-8ceb-4e18-8fc7-bd9743c5a4c7', '2fb0054a-2452-4567-bc13-d8f4185a1a48');
INSERT INTO `sys_role_menus` (`role_id`, `menu_id`) VALUES ('bf468315-8ceb-4e18-8fc7-bd9743c5a4c7', '30f1ed7f-554f-4465-9fa7-ea2a252ecaa7');
INSERT INTO `sys_role_menus` (`role_id`, `menu_id`) VALUES ('bf468315-8ceb-4e18-8fc7-bd9743c5a4c7', '3d1f445c-f662-49d6-8122-2eedea1d5cbb');
INSERT INTO `sys_role_menus` (`role_id`, `menu_id`) VALUES ('bf468315-8ceb-4e18-8fc7-bd9743c5a4c7', '3d44cc58-25d5-45ab-9a59-8d590a59174b');
INSERT INTO `sys_role_menus` (`role_id`, `menu_id`) VALUES ('bf468315-8ceb-4e18-8fc7-bd9743c5a4c7', '3e6354d8-7cd7-493d-959d-e71a4b36fdc9');
INSERT INTO `sys_role_menus` (`role_id`, `menu_id`) VALUES ('bf468315-8ceb-4e18-8fc7-bd9743c5a4c7', '3e723f23-d5fe-41ac-a255-882b2e46eb3f');
INSERT INTO `sys_role_menus` (`role_id`, `menu_id`) VALUES ('bf468315-8ceb-4e18-8fc7-bd9743c5a4c7', '43a2faa4-edbd-4b0b-8486-f0b6f2e86bae');
INSERT INTO `sys_role_menus` (`role_id`, `menu_id`) VALUES ('bf468315-8ceb-4e18-8fc7-bd9743c5a4c7', '45ce9a79-f00f-4887-84f0-68492ee35b77');
INSERT INTO `sys_role_menus` (`role_id`, `menu_id`) VALUES ('bf468315-8ceb-4e18-8fc7-bd9743c5a4c7', '490a5058-5baa-4934-b391-5fa38869da29');
INSERT INTO `sys_role_menus` (`role_id`, `menu_id`) VALUES ('bf468315-8ceb-4e18-8fc7-bd9743c5a4c7', '4ee93aeb-218a-4a36-b204-f5e7ef9ce336');
INSERT INTO `sys_role_menus` (`role_id`, `menu_id`) VALUES ('bf468315-8ceb-4e18-8fc7-bd9743c5a4c7', '527dab80-6860-48c3-8aa3-b70428711cb7');
INSERT INTO `sys_role_menus` (`role_id`, `menu_id`) VALUES ('bf468315-8ceb-4e18-8fc7-bd9743c5a4c7', '57b6d55e-cc2f-4493-b70a-671c00ca911f');
INSERT INTO `sys_role_menus` (`role_id`, `menu_id`) VALUES ('bf468315-8ceb-4e18-8fc7-bd9743c5a4c7', '5846a1ef-d49e-4e0b-930e-9c13f7d53103');
INSERT INTO `sys_role_menus` (`role_id`, `menu_id`) VALUES ('bf468315-8ceb-4e18-8fc7-bd9743c5a4c7', '5afd8f11-fda7-4a1f-a1dd-a7879ee38c8c');
INSERT INTO `sys_role_menus` (`role_id`, `menu_id`) VALUES ('bf468315-8ceb-4e18-8fc7-bd9743c5a4c7', '5cedfe60-be30-428e-8733-2158618a4399');
INSERT INTO `sys_role_menus` (`role_id`, `menu_id`) VALUES ('bf468315-8ceb-4e18-8fc7-bd9743c5a4c7', '5ff0e3a1-8a8f-40be-9182-78ddf0cd82e3');
INSERT INTO `sys_role_menus` (`role_id`, `menu_id`) VALUES ('bf468315-8ceb-4e18-8fc7-bd9743c5a4c7', '60ff95d2-0591-4c4d-818e-1b9e71029e4a');
INSERT INTO `sys_role_menus` (`role_id`, `menu_id`) VALUES ('bf468315-8ceb-4e18-8fc7-bd9743c5a4c7', '615b41e0-6781-4c4c-96f1-a2fcced4e759');
INSERT INTO `sys_role_menus` (`role_id`, `menu_id`) VALUES ('bf468315-8ceb-4e18-8fc7-bd9743c5a4c7', '64810e7b-1f24-461b-b157-450d367e5d5b');
INSERT INTO `sys_role_menus` (`role_id`, `menu_id`) VALUES ('bf468315-8ceb-4e18-8fc7-bd9743c5a4c7', '65878bdf-abc4-4177-aab0-a05d93a89035');
INSERT INTO `sys_role_menus` (`role_id`, `menu_id`) VALUES ('bf468315-8ceb-4e18-8fc7-bd9743c5a4c7', '67da4bc1-9d62-4eee-91c5-5688d4c269d1');
INSERT INTO `sys_role_menus` (`role_id`, `menu_id`) VALUES ('bf468315-8ceb-4e18-8fc7-bd9743c5a4c7', '6e845f4d-6be4-445a-9423-53507aed82a1');
INSERT INTO `sys_role_menus` (`role_id`, `menu_id`) VALUES ('bf468315-8ceb-4e18-8fc7-bd9743c5a4c7', '6f0fe391-d12e-4232-9078-7f746d596288');
INSERT INTO `sys_role_menus` (`role_id`, `menu_id`) VALUES ('bf468315-8ceb-4e18-8fc7-bd9743c5a4c7', '6f65b835-f3f0-42a5-a39d-2a4a443b69be');
INSERT INTO `sys_role_menus` (`role_id`, `menu_id`) VALUES ('bf468315-8ceb-4e18-8fc7-bd9743c5a4c7', '70238d0b-0fa0-4477-bded-fe36e62af9ee');
INSERT INTO `sys_role_menus` (`role_id`, `menu_id`) VALUES ('bf468315-8ceb-4e18-8fc7-bd9743c5a4c7', '733cdfa0-489b-409e-99dc-159c6da3f70c');
INSERT INTO `sys_role_menus` (`role_id`, `menu_id`) VALUES ('bf468315-8ceb-4e18-8fc7-bd9743c5a4c7', '74c2fc82-c8dc-490e-9ae3-17cab4193f08');
INSERT INTO `sys_role_menus` (`role_id`, `menu_id`) VALUES ('bf468315-8ceb-4e18-8fc7-bd9743c5a4c7', '7571fa79-918d-4d7e-b620-e4a6b94023b7');
INSERT INTO `sys_role_menus` (`role_id`, `menu_id`) VALUES ('bf468315-8ceb-4e18-8fc7-bd9743c5a4c7', '79ef844a-76d1-4932-b6af-e5c4d735b67c');
INSERT INTO `sys_role_menus` (`role_id`, `menu_id`) VALUES ('bf468315-8ceb-4e18-8fc7-bd9743c5a4c7', '7b266e11-2e39-4d6d-a09d-96044905d354');
INSERT INTO `sys_role_menus` (`role_id`, `menu_id`) VALUES ('bf468315-8ceb-4e18-8fc7-bd9743c5a4c7', '7ed7b3df-09d1-4dcd-a6d5-8e80785b3ad4');
INSERT INTO `sys_role_menus` (`role_id`, `menu_id`) VALUES ('bf468315-8ceb-4e18-8fc7-bd9743c5a4c7', '7f6976ba-c8a2-4bfb-9b28-f867f9630624');
INSERT INTO `sys_role_menus` (`role_id`, `menu_id`) VALUES ('bf468315-8ceb-4e18-8fc7-bd9743c5a4c7', '8191018a-156d-4190-96ca-8c97ddc521c4');
INSERT INTO `sys_role_menus` (`role_id`, `menu_id`) VALUES ('bf468315-8ceb-4e18-8fc7-bd9743c5a4c7', '88a5cc81-d9fc-4d49-9a50-36b0a97bb12a');
INSERT INTO `sys_role_menus` (`role_id`, `menu_id`) VALUES ('bf468315-8ceb-4e18-8fc7-bd9743c5a4c7', '89a72c78-d913-4d7d-b825-ad2046d384c4');
INSERT INTO `sys_role_menus` (`role_id`, `menu_id`) VALUES ('bf468315-8ceb-4e18-8fc7-bd9743c5a4c7', '8aee338e-036b-4957-9325-9c67167d33db');
INSERT INTO `sys_role_menus` (`role_id`, `menu_id`) VALUES ('bf468315-8ceb-4e18-8fc7-bd9743c5a4c7', '8b55026b-8a35-42c6-8bd8-d5044e8acc6a');
INSERT INTO `sys_role_menus` (`role_id`, `menu_id`) VALUES ('bf468315-8ceb-4e18-8fc7-bd9743c5a4c7', '8bf0f5ea-608c-475a-b9e0-d40fdb89853a');
INSERT INTO `sys_role_menus` (`role_id`, `menu_id`) VALUES ('bf468315-8ceb-4e18-8fc7-bd9743c5a4c7', '8cac45d6-15ab-45b3-8f89-d87f81bd2914');
INSERT INTO `sys_role_menus` (`role_id`, `menu_id`) VALUES ('bf468315-8ceb-4e18-8fc7-bd9743c5a4c7', '8d1065a6-2393-4f36-b0db-2c9dcf9e6e3e');
INSERT INTO `sys_role_menus` (`role_id`, `menu_id`) VALUES ('bf468315-8ceb-4e18-8fc7-bd9743c5a4c7', '8e35bd57-07c9-4603-a2d2-8ead7229bf38');
INSERT INTO `sys_role_menus` (`role_id`, `menu_id`) VALUES ('bf468315-8ceb-4e18-8fc7-bd9743c5a4c7', '8ec61125-cec6-4d14-a247-58ed01533040');
INSERT INTO `sys_role_menus` (`role_id`, `menu_id`) VALUES ('bf468315-8ceb-4e18-8fc7-bd9743c5a4c7', '92369b98-5fe8-4349-8f87-83d6ae491222');
INSERT INTO `sys_role_menus` (`role_id`, `menu_id`) VALUES ('bf468315-8ceb-4e18-8fc7-bd9743c5a4c7', '95ef477e-b2f0-438b-8173-148efa795800');
INSERT INTO `sys_role_menus` (`role_id`, `menu_id`) VALUES ('bf468315-8ceb-4e18-8fc7-bd9743c5a4c7', '961833d1-34b0-4601-a1b1-2f470372138e');
INSERT INTO `sys_role_menus` (`role_id`, `menu_id`) VALUES ('bf468315-8ceb-4e18-8fc7-bd9743c5a4c7', '9b75ef20-c56a-4851-a40d-483add22807a');
INSERT INTO `sys_role_menus` (`role_id`, `menu_id`) VALUES ('bf468315-8ceb-4e18-8fc7-bd9743c5a4c7', 'a1117070-eb52-409c-87af-18a8b34d0be4');
INSERT INTO `sys_role_menus` (`role_id`, `menu_id`) VALUES ('bf468315-8ceb-4e18-8fc7-bd9743c5a4c7', 'a6e7f104-bc14-4399-9eec-c6da852d2e0a');
INSERT INTO `sys_role_menus` (`role_id`, `menu_id`) VALUES ('bf468315-8ceb-4e18-8fc7-bd9743c5a4c7', 'a8fae68f-2010-46e6-99a6-321a8c84a9c3');
INSERT INTO `sys_role_menus` (`role_id`, `menu_id`) VALUES ('bf468315-8ceb-4e18-8fc7-bd9743c5a4c7', 'b0058d7b-bc3e-4407-8dc9-e4987b20c27c');
INSERT INTO `sys_role_menus` (`role_id`, `menu_id`) VALUES ('bf468315-8ceb-4e18-8fc7-bd9743c5a4c7', 'b0db8e90-1975-41f6-b7e3-edd0c18f14de');
INSERT INTO `sys_role_menus` (`role_id`, `menu_id`) VALUES ('bf468315-8ceb-4e18-8fc7-bd9743c5a4c7', 'b1d88fb7-3909-4cb8-94eb-eba227a10f8a');
INSERT INTO `sys_role_menus` (`role_id`, `menu_id`) VALUES ('bf468315-8ceb-4e18-8fc7-bd9743c5a4c7', 'b385439f-9d49-4928-b46c-07011fac91a6');
INSERT INTO `sys_role_menus` (`role_id`, `menu_id`) VALUES ('bf468315-8ceb-4e18-8fc7-bd9743c5a4c7', 'b9689729-bfe9-449e-b34c-20c8251bbffd');
INSERT INTO `sys_role_menus` (`role_id`, `menu_id`) VALUES ('bf468315-8ceb-4e18-8fc7-bd9743c5a4c7', 'bc46716e-44e8-4011-ab77-9019bdf8bd98');
INSERT INTO `sys_role_menus` (`role_id`, `menu_id`) VALUES ('bf468315-8ceb-4e18-8fc7-bd9743c5a4c7', 'c202fe6e-9155-434b-b797-fba36ef9e5c5');
INSERT INTO `sys_role_menus` (`role_id`, `menu_id`) VALUES ('bf468315-8ceb-4e18-8fc7-bd9743c5a4c7', 'c478b017-2cf8-44ae-81f5-85acb28202ed');
INSERT INTO `sys_role_menus` (`role_id`, `menu_id`) VALUES ('bf468315-8ceb-4e18-8fc7-bd9743c5a4c7', 'c9580366-5440-4451-b81e-309d027679f4');
INSERT INTO `sys_role_menus` (`role_id`, `menu_id`) VALUES ('bf468315-8ceb-4e18-8fc7-bd9743c5a4c7', 'd01fa481-1e35-4d0a-9c6f-3ef86fb52750');
INSERT INTO `sys_role_menus` (`role_id`, `menu_id`) VALUES ('bf468315-8ceb-4e18-8fc7-bd9743c5a4c7', 'd5b734d2-f112-4014-bb62-041c0fe2a0b4');
INSERT INTO `sys_role_menus` (`role_id`, `menu_id`) VALUES ('bf468315-8ceb-4e18-8fc7-bd9743c5a4c7', 'd8c1f623-9fde-4005-a9a4-8192a89db90d');
INSERT INTO `sys_role_menus` (`role_id`, `menu_id`) VALUES ('bf468315-8ceb-4e18-8fc7-bd9743c5a4c7', 'e04f6384-93b2-41b8-9f32-10e0ae04f637');
INSERT INTO `sys_role_menus` (`role_id`, `menu_id`) VALUES ('bf468315-8ceb-4e18-8fc7-bd9743c5a4c7', 'e63f1774-d10c-4c27-9776-133f9c8ade0c');
INSERT INTO `sys_role_menus` (`role_id`, `menu_id`) VALUES ('bf468315-8ceb-4e18-8fc7-bd9743c5a4c7', 'e8503703-694e-4c2e-8521-164452dcfed1');
INSERT INTO `sys_role_menus` (`role_id`, `menu_id`) VALUES ('bf468315-8ceb-4e18-8fc7-bd9743c5a4c7', 'eb95d541-04e2-47ae-9f92-9773ade8cc03');
INSERT INTO `sys_role_menus` (`role_id`, `menu_id`) VALUES ('bf468315-8ceb-4e18-8fc7-bd9743c5a4c7', 'efb078ac-ca26-4cc9-9690-9cbdcd9aab79');
INSERT INTO `sys_role_menus` (`role_id`, `menu_id`) VALUES ('bf468315-8ceb-4e18-8fc7-bd9743c5a4c7', 'f175c4be-9d89-49f5-a052-d7381a5b40e0');
INSERT INTO `sys_role_menus` (`role_id`, `menu_id`) VALUES ('bf468315-8ceb-4e18-8fc7-bd9743c5a4c7', 'f6017b6c-55a4-430a-9d4d-896ef9258520');
INSERT INTO `sys_role_menus` (`role_id`, `menu_id`) VALUES ('bf468315-8ceb-4e18-8fc7-bd9743c5a4c7', 'f68dfe04-075b-4345-b582-4f8a718ddc11');
INSERT INTO `sys_role_menus` (`role_id`, `menu_id`) VALUES ('bf468315-8ceb-4e18-8fc7-bd9743c5a4c7', 'f70685c1-fcfa-41a2-8904-85168321dd01');
INSERT INTO `sys_role_menus` (`role_id`, `menu_id`) VALUES ('bf468315-8ceb-4e18-8fc7-bd9743c5a4c7', 'f7671af7-c2f2-44b4-808e-689d52e93745');
INSERT INTO `sys_role_menus` (`role_id`, `menu_id`) VALUES ('bf468315-8ceb-4e18-8fc7-bd9743c5a4c7', 'fcb1b735-48cf-454b-aeb2-4ac470de2826');
COMMIT;

-- ----------------------------
-- Table structure for sys_task
-- ----------------------------
DROP TABLE IF EXISTS `sys_task`;
CREATE TABLE `sys_task` (
  `id` varchar(36) CHARACTER SET utf8mb4 COLLATE utf8mb4_0900_ai_ci NOT NULL,
  `created_at` datetime(6) NOT NULL DEFAULT CURRENT_TIMESTAMP(6),
  `updated_at` datetime(6) NOT NULL DEFAULT CURRENT_TIMESTAMP(6),
  `name` varchar(50) CHARACTER SET utf8mb4 COLLATE utf8mb4_0900_ai_ci NOT NULL COMMENT '任务名称',
  `service` varchar(255) CHARACTER SET utf8mb4 COLLATE utf8mb4_0900_ai_ci NOT NULL COMMENT '任务服务',
  `type` tinyint NOT NULL DEFAULT '1' COMMENT '任务类型 1:cron 2:interval',
  `status` tinyint NOT NULL DEFAULT '1' COMMENT '任务状态 1 启用 0 禁用',
  `start_time` datetime DEFAULT NULL COMMENT '开始时间',
  `end_time` datetime DEFAULT NULL COMMENT '结束时间',
  `limit` int DEFAULT '0' COMMENT '限制执行次数，负数则无限制',
  `every` int DEFAULT NULL COMMENT '执行间隔，毫秒单位',
  `data` text CHARACTER SET utf8mb4 COLLATE utf8mb4_0900_ai_ci COMMENT '执行数据',
  `jobOpts` text CHARACTER SET utf8mb4 COLLATE utf8mb4_0900_ai_ci COMMENT '执行选项配置',
  `remark` varchar(255) CHARACTER SET utf8mb4 COLLATE utf8mb4_0900_ai_ci DEFAULT NULL COMMENT '备注',
  `cron` varchar(255) CHARACTER SET utf8mb4 COLLATE utf8mb4_0900_ai_ci DEFAULT NULL COMMENT 'Cron表达式',
  PRIMARY KEY (`id`) USING BTREE
) ENGINE=InnoDB DEFAULT CHARSET=utf8mb4 COLLATE=utf8mb4_0900_ai_ci ROW_FORMAT=DYNAMIC;

-- ----------------------------
-- Records of sys_task
-- ----------------------------
BEGIN;
INSERT INTO `sys_task` (`id`, `created_at`, `updated_at`, `name`, `service`, `type`, `status`, `start_time`, `end_time`, `limit`, `every`, `data`, `jobOpts`, `remark`, `cron`) VALUES ('447a78de-5e70-48c4-9482-0d8166894af6', '2025-03-03 00:30:16.827792', '2025-03-03 00:30:16.827792', '清除验证码日志', 'LogClearJob.clearCaptchaLog', 0, 1, NULL, NULL, -1, 60000, '', '{\"count\":1,\"key\":\"__default__:447a78de-5e70-48c4-9482-0d8166894af6:::0 0 3 * * 1\",\"cron\":\"0 0 3 * * 1\",\"jobId\":\"447a78de-5e70-48c4-9482-0d8166894af6\"}', '', '0 0 3 * * 1');
INSERT INTO `sys_task` (`id`, `created_at`, `updated_at`, `name`, `service`, `type`, `status`, `start_time`, `end_time`, `limit`, `every`, `data`, `jobOpts`, `remark`, `cron`) VALUES ('6103bcdb-a142-4411-97ba-3791dceb2e5c', '2025-03-03 00:34:27.146590', '2025-03-03 00:34:27.146590', '发送邮件', 'EmailJob.send', 0, 1, NULL, NULL, -1, 60000, '{\n    \"to\": \"2715158815@qq.com\",\n    \"subject\": \"晚安提醒!\",\n    \"content\": \"不早啦，小张你该洗洗睡啦!晚安！\"\n}', '{\"count\":1,\"key\":\"__default__:6103bcdb-a142-4411-97ba-3791dceb2e5c:::59 59 23 * * *\",\"cron\":\"59 59 23 * * *\",\"jobId\":\"6103bcdb-a142-4411-97ba-3791dceb2e5c\"}', '', '59 59 23 * * *');
INSERT INTO `sys_task` (`id`, `created_at`, `updated_at`, `name`, `service`, `type`, `status`, `start_time`, `end_time`, `limit`, `every`, `data`, `jobOpts`, `remark`, `cron`) VALUES ('9e522100-3329-4a6c-b142-1fd694935cf8', '2025-03-03 00:32:29.505597', '2025-03-03 00:32:29.505597', '清除任务日志', 'LogClearJob.clearTaskLog', 0, 1, NULL, NULL, -1, 60000, '', '{\"count\":1,\"key\":\"__default__:9e522100-3329-4a6c-b142-1fd694935cf8:::0 0 3 * * 1\",\"cron\":\"0 0 3 * * 1\",\"jobId\":\"9e522100-3329-4a6c-b142-1fd694935cf8\"}', '', '0 0 3 * * 1');
INSERT INTO `sys_task` (`id`, `created_at`, `updated_at`, `name`, `service`, `type`, `status`, `start_time`, `end_time`, `limit`, `every`, `data`, `jobOpts`, `remark`, `cron`) VALUES ('e7ef514b-e684-41e1-94d3-765d18cf59fb', '2025-02-27 17:22:38.139741', '2025-02-27 17:22:38.139741', '清除登录日志', 'LogClearJob.clearLoginLog', 0, 1, NULL, NULL, -1, 60000, '', '{\"count\":1,\"key\":\"__default__:e7ef514b-e684-41e1-94d3-765d18cf59fb:::0 0 3 * * 1\",\"cron\":\"0 0 3 * * 1\",\"jobId\":\"e7ef514b-e684-41e1-94d3-765d18cf59fb\"}', '0 秒：表示第0秒。\n0 分钟：表示在小时的第0分钟。\n3 小时：表示在凌晨3点。\n* 日期：表示每天。\n* 月份：表示每个月。\n1 星期中星期几：1 表示星期一', '0 0 3 * * 1');
COMMIT;

-- ----------------------------
-- Table structure for sys_task_log
-- ----------------------------
DROP TABLE IF EXISTS `sys_task_log`;
CREATE TABLE `sys_task_log` (
  `id` varchar(36) CHARACTER SET utf8mb4 COLLATE utf8mb4_0900_ai_ci NOT NULL,
  `created_at` datetime(6) NOT NULL DEFAULT CURRENT_TIMESTAMP(6),
  `updated_at` datetime(6) NOT NULL DEFAULT CURRENT_TIMESTAMP(6),
  `status` tinyint NOT NULL DEFAULT '0' COMMENT '任务状态 1 成功 0 失败',
  `detail` text CHARACTER SET utf8mb4 COLLATE utf8mb4_0900_ai_ci COMMENT '任务日志信息',
  `consume_time` int DEFAULT '0' COMMENT '任务耗时',
  `task_id` varchar(36) CHARACTER SET utf8mb4 COLLATE utf8mb4_0900_ai_ci DEFAULT NULL,
  PRIMARY KEY (`id`) USING BTREE,
  KEY `FK_f4d9c36052fdb188ff5c089454b` (`task_id`) USING BTREE,
  CONSTRAINT `FK_f4d9c36052fdb188ff5c089454b` FOREIGN KEY (`task_id`) REFERENCES `sys_task` (`id`)
) ENGINE=InnoDB DEFAULT CHARSET=utf8mb4 COLLATE=utf8mb4_0900_ai_ci ROW_FORMAT=DYNAMIC;

-- ----------------------------
-- Records of sys_task_log
-- ----------------------------
BEGIN;
INSERT INTO `sys_task_log` (`id`, `created_at`, `updated_at`, `status`, `detail`, `consume_time`, `task_id`) VALUES ('0f7a7f08-673a-48a8-9f3a-a6bc71305a1f', '2025-04-09 00:51:55.126232', '2025-04-09 00:51:55.126232', 1, NULL, 0, 'e7ef514b-e684-41e1-94d3-765d18cf59fb');
INSERT INTO `sys_task_log` (`id`, `created_at`, `updated_at`, `status`, `detail`, `consume_time`, `task_id`) VALUES ('8eaaf01b-f63b-48f2-a1cd-3c774cb55757', '2025-04-09 00:51:37.968989', '2025-04-09 00:51:37.968989', 1, NULL, 0, '9e522100-3329-4a6c-b142-1fd694935cf8');
INSERT INTO `sys_task_log` (`id`, `created_at`, `updated_at`, `status`, `detail`, `consume_time`, `task_id`) VALUES ('9dc267b5-9205-4721-a286-34bcea9193d7', '2025-04-09 00:52:06.392070', '2025-04-09 00:52:06.392070', 1, NULL, 0, 'e7ef514b-e684-41e1-94d3-765d18cf59fb');
COMMIT;

-- ----------------------------
-- Table structure for sys_user_roles
-- ----------------------------
DROP TABLE IF EXISTS `sys_user_roles`;
CREATE TABLE `sys_user_roles` (
  `user_id` varchar(36) CHARACTER SET utf8mb4 COLLATE utf8mb4_0900_ai_ci NOT NULL,
  `role_id` varchar(36) CHARACTER SET utf8mb4 COLLATE utf8mb4_0900_ai_ci NOT NULL,
  PRIMARY KEY (`user_id`,`role_id`) USING BTREE,
  KEY `IDX_96311d970191a044ec048011f4` (`user_id`) USING BTREE,
  KEY `IDX_6d61c5b3f76a3419d93a421669` (`role_id`) USING BTREE,
  CONSTRAINT `FK_6d61c5b3f76a3419d93a4216695` FOREIGN KEY (`role_id`) REFERENCES `sys_role` (`id`),
  CONSTRAINT `FK_96311d970191a044ec048011f44` FOREIGN KEY (`user_id`) REFERENCES `user` (`id`) ON DELETE CASCADE ON UPDATE CASCADE
) ENGINE=InnoDB DEFAULT CHARSET=utf8mb4 COLLATE=utf8mb4_0900_ai_ci ROW_FORMAT=DYNAMIC;

-- ----------------------------
-- Records of sys_user_roles
-- ----------------------------
BEGIN;
INSERT INTO `sys_user_roles` (`user_id`, `role_id`) VALUES ('4c51b321-dedb-4110-827d-ccbcd83b5867', '9c361d40-3d44-4f76-9896-770d0ac4bba1');
INSERT INTO `sys_user_roles` (`user_id`, `role_id`) VALUES ('7eddd6ca-b564-4a53-be05-a1db1c962c6f', 'bf468315-8ceb-4e18-8fc7-bd9743c5a4c7');
INSERT INTO `sys_user_roles` (`user_id`, `role_id`) VALUES ('86898995-2c1f-4358-8d2f-48985b0ffb8f', '9c361d40-3d44-4f76-9896-770d0ac4bba1');
INSERT INTO `sys_user_roles` (`user_id`, `role_id`) VALUES ('ac09dac7-e2e6-44d4-86c8-fe614301b441', '43df8dd8-a7ab-4fdc-82bf-c322f206d8e1');
COMMIT;

-- ----------------------------
-- Table structure for task_entity
-- ----------------------------
DROP TABLE IF EXISTS `task_entity`;
CREATE TABLE `task_entity` (
  `id` varchar(36) CHARACTER SET utf8mb4 COLLATE utf8mb4_0900_ai_ci NOT NULL,
  `created_at` datetime(6) NOT NULL DEFAULT CURRENT_TIMESTAMP(6),
  `updated_at` datetime(6) NOT NULL DEFAULT CURRENT_TIMESTAMP(6),
  `name` varchar(50) CHARACTER SET utf8mb4 COLLATE utf8mb4_0900_ai_ci NOT NULL COMMENT '任务名称',
  `service` varchar(255) CHARACTER SET utf8mb4 COLLATE utf8mb4_0900_ai_ci NOT NULL COMMENT '任务服务',
  `type` tinyint NOT NULL DEFAULT '1' COMMENT '任务类型 1:cron 2:interval',
  `status` tinyint NOT NULL DEFAULT '1' COMMENT '任务状态 1 启用 0 禁用',
  `start_time` datetime DEFAULT NULL COMMENT '开始时间',
  `end_time` datetime DEFAULT NULL COMMENT '结束时间',
  `limit` int DEFAULT '0' COMMENT '限制执行次数，负数则无限制',
  `corn` varchar(255) CHARACTER SET utf8mb4 COLLATE utf8mb4_0900_ai_ci DEFAULT NULL COMMENT 'corn表达式',
  `every` int DEFAULT NULL COMMENT '执行间隔，毫秒单位',
  `data` text CHARACTER SET utf8mb4 COLLATE utf8mb4_0900_ai_ci COMMENT '执行数据',
  `jobOpts` text CHARACTER SET utf8mb4 COLLATE utf8mb4_0900_ai_ci COMMENT '执行选项配置',
  `remark` varchar(255) CHARACTER SET utf8mb4 COLLATE utf8mb4_0900_ai_ci DEFAULT NULL COMMENT '备注',
  PRIMARY KEY (`id`) USING BTREE
) ENGINE=InnoDB DEFAULT CHARSET=utf8mb4 COLLATE=utf8mb4_0900_ai_ci ROW_FORMAT=DYNAMIC;

-- ----------------------------
-- Records of task_entity
-- ----------------------------
BEGIN;
COMMIT;

-- ----------------------------
-- Table structure for tool_storage
-- ----------------------------
DROP TABLE IF EXISTS `tool_storage`;
CREATE TABLE `tool_storage` (
  `id` varchar(36) CHARACTER SET utf8mb4 COLLATE utf8mb4_0900_ai_ci NOT NULL,
  `created_at` datetime(6) NOT NULL DEFAULT CURRENT_TIMESTAMP(6),
  `updated_at` datetime(6) NOT NULL DEFAULT CURRENT_TIMESTAMP(6),
  `name` varchar(200) CHARACTER SET utf8mb4 COLLATE utf8mb4_0900_ai_ci NOT NULL COMMENT '文件名',
  `fileName` varchar(200) CHARACTER SET utf8mb4 COLLATE utf8mb4_0900_ai_ci DEFAULT NULL COMMENT '真实文件名',
  `ext_name` varchar(255) CHARACTER SET utf8mb4 COLLATE utf8mb4_0900_ai_ci DEFAULT NULL,
  `path` varchar(255) CHARACTER SET utf8mb4 COLLATE utf8mb4_0900_ai_ci NOT NULL,
  `type` varchar(255) CHARACTER SET utf8mb4 COLLATE utf8mb4_0900_ai_ci DEFAULT NULL,
  `size` varchar(255) CHARACTER SET utf8mb4 COLLATE utf8mb4_0900_ai_ci DEFAULT NULL,
  `user_id` varchar(255) CHARACTER SET utf8mb4 COLLATE utf8mb4_0900_ai_ci DEFAULT NULL,
  PRIMARY KEY (`id`) USING BTREE
) ENGINE=InnoDB DEFAULT CHARSET=utf8mb4 COLLATE=utf8mb4_0900_ai_ci ROW_FORMAT=DYNAMIC;

-- ----------------------------
-- Records of tool_storage
-- ----------------------------
BEGIN;
COMMIT;

-- ----------------------------
-- Table structure for user
-- ----------------------------
DROP TABLE IF EXISTS `user`;
CREATE TABLE `user` (
  `id` varchar(36) CHARACTER SET utf8mb4 COLLATE utf8mb4_0900_ai_ci NOT NULL,
  `created_at` datetime(6) NOT NULL DEFAULT CURRENT_TIMESTAMP(6),
  `updated_at` datetime(6) NOT NULL DEFAULT CURRENT_TIMESTAMP(6),
  `username` varchar(50) CHARACTER SET utf8mb4 COLLATE utf8mb4_0900_ai_ci NOT NULL COMMENT '用户名',
  `password` varchar(150) CHARACTER SET utf8mb4 COLLATE utf8mb4_0900_ai_ci NOT NULL COMMENT '密码',
  `status` tinyint DEFAULT '1' COMMENT '状态 1 启用 0 禁用',
  `profile_id` varchar(36) CHARACTER SET utf8mb4 COLLATE utf8mb4_0900_ai_ci DEFAULT NULL,
  `dept_id` varchar(36) CHARACTER SET utf8mb4 COLLATE utf8mb4_0900_ai_ci DEFAULT NULL,
  PRIMARY KEY (`id`) USING BTREE,
  UNIQUE KEY `IDX_78a916df40e02a9deb1c4b75ed` (`username`) USING BTREE,
  UNIQUE KEY `REL_f44d0cd18cfd80b0fed7806c3b` (`profile_id`) USING BTREE,
  KEY `FK_c330c4acd2740fac489be6d2889` (`dept_id`) USING BTREE,
  CONSTRAINT `FK_c330c4acd2740fac489be6d2889` FOREIGN KEY (`dept_id`) REFERENCES `sys_dept` (`id`),
  CONSTRAINT `FK_f44d0cd18cfd80b0fed7806c3b7` FOREIGN KEY (`profile_id`) REFERENCES `user_profile` (`id`)
) ENGINE=InnoDB DEFAULT CHARSET=utf8mb4 COLLATE=utf8mb4_0900_ai_ci ROW_FORMAT=DYNAMIC;

-- ----------------------------
-- Records of user
-- ----------------------------
BEGIN;
INSERT INTO `user` (`id`, `created_at`, `updated_at`, `username`, `password`, `status`, `profile_id`, `dept_id`) VALUES ('4c51b321-dedb-4110-827d-ccbcd83b5867', '2025-02-26 14:52:05.359710', '2025-02-26 14:52:05.359710', 'guest', '$argon2id$v=19$m=65536,t=3,p=4$xY9C8HMfnfy0e5e92y1Ang$+dBO8pgZXnwTRglKi71FxoZniJj8p4zYzuyYqAy/MGk', 1, '4fa2bd87-7460-453f-be65-76128af9518d', '73606857-fbc5-494c-89a3-986aa728c769');
INSERT INTO `user` (`id`, `created_at`, `updated_at`, `username`, `password`, `status`, `profile_id`, `dept_id`) VALUES ('7eddd6ca-b564-4a53-be05-a1db1c962c6f', '2025-02-21 17:15:27.122051', '2025-02-21 17:15:27.122051', 'admin', '$argon2id$v=19$m=65536,t=3,p=4$OuefvcN4RNSOCSmXzbdydA$D05DU67SEEgVNI1P6ja4KFRf3WAzCtVWts8VrjmCu2I', 1, '6463122f-a435-430c-9d69-c7fbddaf0de8', 'a1ac5353-6fac-4918-8e5f-4b0fbc3e3af0');
INSERT INTO `user` (`id`, `created_at`, `updated_at`, `username`, `password`, `status`, `profile_id`, `dept_id`) VALUES ('86898995-2c1f-4358-8d2f-48985b0ffb8f', '2025-03-30 20:58:26.916754', '2025-03-30 20:58:26.916754', 'mrzym99', '$argon2id$v=19$m=65536,t=3,p=4$5EXCCJtvE3xGAs6iEM8x9A$8PdGGWWa922UgmqLz0MI0CYhk6aZ5YYlCrY44u48y5k', 1, 'ba55477e-7c4e-4903-922e-2e52d912a0cf', 'a1ac5353-6fac-4918-8e5f-4b0fbc3e3af0');
INSERT INTO `user` (`id`, `created_at`, `updated_at`, `username`, `password`, `status`, `profile_id`, `dept_id`) VALUES ('ac09dac7-e2e6-44d4-86c8-fe614301b441', '2025-02-24 17:27:35.436561', '2025-02-24 17:27:35.436561', 'test', '$argon2id$v=19$m=65536,t=3,p=4$gQlOORO3f79TZAGmEZDkBw$UGBBjhY4Vs3sVktqA0UG8QQ5agODZ+O8xsr0x2Q04/U', 1, 'a32e725f-7a75-4770-b9d7-c9e15852c028', 'a1ac5353-6fac-4918-8e5f-4b0fbc3e3af0');
COMMIT;

-- ----------------------------
-- Table structure for user_access_token
-- ----------------------------
DROP TABLE IF EXISTS `user_access_token`;
CREATE TABLE `user_access_token` (
  `id` varchar(36) CHARACTER SET utf8mb4 COLLATE utf8mb4_0900_ai_ci NOT NULL,
  `value` varchar(255) CHARACTER SET utf8mb4 COLLATE utf8mb4_0900_ai_ci NOT NULL,
  `expired_at` datetime NOT NULL,
  `created_at` datetime NOT NULL,
  `userId` varchar(36) CHARACTER SET utf8mb4 COLLATE utf8mb4_0900_ai_ci DEFAULT NULL,
  PRIMARY KEY (`id`) USING BTREE,
  KEY `FK_c9c6ac4970ddbe5a8c4887e1e7e` (`userId`) USING BTREE,
  CONSTRAINT `FK_c9c6ac4970ddbe5a8c4887e1e7e` FOREIGN KEY (`userId`) REFERENCES `user` (`id`) ON DELETE CASCADE
) ENGINE=InnoDB DEFAULT CHARSET=utf8mb4 COLLATE=utf8mb4_0900_ai_ci ROW_FORMAT=DYNAMIC;

-- ----------------------------
-- Records of user_access_token
-- ----------------------------
BEGIN;
INSERT INTO `user_access_token` (`id`, `value`, `expired_at`, `created_at`, `userId`) VALUES ('004b81e6-8611-46b0-b25d-d8f9f568431b', 'eyJhbGciOiJIUzI1NiIsInR5cCI6IkpXVCJ9.eyJ1aWQiOiI3ZWRkZDZjYS1iNTY0LTRhNTMtYmUwNS1hMWRiMWM5NjJjNmYiLCJyb2xlcyI6WyJhZG1pbiJdLCJpYXQiOjE3NDM1MjU2MjIsImV4cCI6MTc0MzUyOTIyMn0.lTfgNJVbRfhbXeHLdFGDXZDe6E6SSSBbWLt42bvF8is', '2025-04-02 01:40:22', '2025-04-02 00:40:22', '7eddd6ca-b564-4a53-be05-a1db1c962c6f');
INSERT INTO `user_access_token` (`id`, `value`, `expired_at`, `created_at`, `userId`) VALUES ('00e7b452-cdab-4743-95f9-e74fc3f81d3f', 'eyJhbGciOiJIUzI1NiIsInR5cCI6IkpXVCJ9.eyJ1aWQiOiI3ZWRkZDZjYS1iNTY0LTRhNTMtYmUwNS1hMWRiMWM5NjJjNmYiLCJyb2xlcyI6WyJhZG1pbiJdLCJpYXQiOjE3NDI3MDU3MDAsImV4cCI6MTc0MjcwOTMwMH0.3NNQh_CA8BcQSWTPZFgmO76-cNzRcvfd-nTx4QkW1_o', '2025-03-23 13:55:01', '2025-03-23 12:55:01', '7eddd6ca-b564-4a53-be05-a1db1c962c6f');
INSERT INTO `user_access_token` (`id`, `value`, `expired_at`, `created_at`, `userId`) VALUES ('0172840f-20f9-455d-96d5-6041e2d7367c', 'eyJhbGciOiJIUzI1NiIsInR5cCI6IkpXVCJ9.eyJ1aWQiOiI3ZWRkZDZjYS1iNTY0LTRhNTMtYmUwNS1hMWRiMWM5NjJjNmYiLCJyb2xlcyI6WyJhZG1pbiJdLCJpYXQiOjE3NDM0MDE1MTgsImV4cCI6MTc0MzQwNTExOH0.OI90_iuB6eb2WDNcn4VQN92_RByC1zIH188mnXUECdQ', '2025-03-31 15:11:59', '2025-03-31 14:11:59', '7eddd6ca-b564-4a53-be05-a1db1c962c6f');
INSERT INTO `user_access_token` (`id`, `value`, `expired_at`, `created_at`, `userId`) VALUES ('019f4f0e-f2f8-4ec5-80ef-6143d57f3da8', 'eyJhbGciOiJIUzI1NiIsInR5cCI6IkpXVCJ9.eyJ1aWQiOiJhYzA5ZGFjNy1lMmU2LTQ0ZDQtODZjOC1mZTYxNDMwMWI0NDEiLCJyb2xlcyI6WyJ0ZXN0Il0sImlhdCI6MTc0MDkyODcxNywiZXhwIjoxNzQwOTMwNTE3fQ.lfIL4ky7NGscET51RX_N72nea1T0TlxZkjkeBpYB_BM', '2025-03-02 23:48:38', '2025-03-02 23:18:38', 'ac09dac7-e2e6-44d4-86c8-fe614301b441');
INSERT INTO `user_access_token` (`id`, `value`, `expired_at`, `created_at`, `userId`) VALUES ('03727413-9552-44fa-9742-6f50d2197a7c', 'eyJhbGciOiJIUzI1NiIsInR5cCI6IkpXVCJ9.eyJ1aWQiOiJhYzA5ZGFjNy1lMmU2LTQ0ZDQtODZjOC1mZTYxNDMwMWI0NDEiLCJyb2xlcyI6WyJ0ZXN0Il0sImlhdCI6MTc0MzU4NjEyMiwiZXhwIjoxNzQzNTg5NzIyfQ.AdfWE-L-3y5ani0K6VMeyJw8fQEMxcneQ9sjc0-uO88', '2025-04-02 18:28:43', '2025-04-02 17:28:43', 'ac09dac7-e2e6-44d4-86c8-fe614301b441');
INSERT INTO `user_access_token` (`id`, `value`, `expired_at`, `created_at`, `userId`) VALUES ('04c0efc3-9634-48d9-8c74-435c84f187c6', 'eyJhbGciOiJIUzI1NiIsInR5cCI6IkpXVCJ9.eyJ1aWQiOiI3ZWRkZDZjYS1iNTY0LTRhNTMtYmUwNS1hMWRiMWM5NjJjNmYiLCJyb2xlcyI6WyJhZG1pbiJdLCJpYXQiOjE3NDM1Nzg4MjEsImV4cCI6MTc0MzU4MjQyMX0.Pnlf2oewcTS5pfZuTCGFPvW4Tfxy26e0BCPEpZ2dLYw', '2025-04-02 16:27:01', '2025-04-02 15:27:01', '7eddd6ca-b564-4a53-be05-a1db1c962c6f');
INSERT INTO `user_access_token` (`id`, `value`, `expired_at`, `created_at`, `userId`) VALUES ('053bb242-6b73-4173-9358-98c6275e1ec9', 'eyJhbGciOiJIUzI1NiIsInR5cCI6IkpXVCJ9.eyJ1aWQiOiI3ZWRkZDZjYS1iNTY0LTRhNTMtYmUwNS1hMWRiMWM5NjJjNmYiLCJyb2xlcyI6WyJhZG1pbiJdLCJpYXQiOjE3NDIyNzUwNTgsImV4cCI6MTc0MjM2MTQ1OH0.4KqJMnqxONX2sjSlRYKeH1oWIgykmY5JYQhYH574mMg', '2025-03-19 13:17:39', '2025-03-18 13:17:39', '7eddd6ca-b564-4a53-be05-a1db1c962c6f');
INSERT INTO `user_access_token` (`id`, `value`, `expired_at`, `created_at`, `userId`) VALUES ('0555b957-bea0-4b08-9ead-81bdb31893e8', 'eyJhbGciOiJIUzI1NiIsInR5cCI6IkpXVCJ9.eyJ1aWQiOiI3ZWRkZDZjYS1iNTY0LTRhNTMtYmUwNS1hMWRiMWM5NjJjNmYiLCJyb2xlcyI6WyJhZG1pbiJdLCJpYXQiOjE3NDI4MDYzODksImV4cCI6MTc0MjgwOTk4OX0.J_b0XWJjb8L0hsnh6TLUvHJ8SyXdKG_ymJTkJR9wFSQ', '2025-03-24 17:53:09', '2025-03-24 16:53:09', '7eddd6ca-b564-4a53-be05-a1db1c962c6f');
INSERT INTO `user_access_token` (`id`, `value`, `expired_at`, `created_at`, `userId`) VALUES ('0583e358-12df-4d48-8ab3-c440ce82868d', 'eyJhbGciOiJIUzI1NiIsInR5cCI6IkpXVCJ9.eyJ1aWQiOiI3ZWRkZDZjYS1iNTY0LTRhNTMtYmUwNS1hMWRiMWM5NjJjNmYiLCJyb2xlcyI6WyJhZG1pbiJdLCJpYXQiOjE3NDIyNjk3NTIsImV4cCI6MTc0MjM1NjE1Mn0.MbvTlrbhhGSZaPRPt0mD4-ISB67BYoZSTTy7qQT7JwY', '2025-03-19 11:49:12', '2025-03-18 11:49:12', '7eddd6ca-b564-4a53-be05-a1db1c962c6f');
INSERT INTO `user_access_token` (`id`, `value`, `expired_at`, `created_at`, `userId`) VALUES ('06e0d759-eba9-43b5-9930-f4bb5bdf13ff', 'eyJhbGciOiJIUzI1NiIsInR5cCI6IkpXVCJ9.eyJ1aWQiOiI3ZWRkZDZjYS1iNTY0LTRhNTMtYmUwNS1hMWRiMWM5NjJjNmYiLCJyb2xlcyI6WyJhZG1pbiJdLCJpYXQiOjE3NDMwNDIxNTksImV4cCI6MTc0MzA0NTc1OX0.XxnsQethXv8yqS89PH7Hrp7h76AxrmGsms3qcXfDlwk', '2025-03-27 11:22:40', '2025-03-27 10:22:40', '7eddd6ca-b564-4a53-be05-a1db1c962c6f');
INSERT INTO `user_access_token` (`id`, `value`, `expired_at`, `created_at`, `userId`) VALUES ('07435262-9668-4248-986e-11084090d39b', 'eyJhbGciOiJIUzI1NiIsInR5cCI6IkpXVCJ9.eyJ1aWQiOiI3ZWRkZDZjYS1iNTY0LTRhNTMtYmUwNS1hMWRiMWM5NjJjNmYiLCJyb2xlcyI6WyJhZG1pbiJdLCJpYXQiOjE3NDI5MTA4ODQsImV4cCI6MTc0MjkxNDQ4NH0.AaWO9hFz0P1Bv2FyZW5d55Kkc2KZI4qPv8e8NAMzE4U', '2025-03-25 22:54:45', '2025-03-25 21:54:45', '7eddd6ca-b564-4a53-be05-a1db1c962c6f');
INSERT INTO `user_access_token` (`id`, `value`, `expired_at`, `created_at`, `userId`) VALUES ('07bd137b-e7e0-4c19-af1c-88e097c03284', 'eyJhbGciOiJIUzI1NiIsInR5cCI6IkpXVCJ9.eyJ1aWQiOiI3ZWRkZDZjYS1iNTY0LTRhNTMtYmUwNS1hMWRiMWM5NjJjNmYiLCJyb2xlcyI6WyJhZG1pbiJdLCJpYXQiOjE3NDMyMTUzODUsImV4cCI6MTc0MzIxODk4NX0.Ix3Z0aSPFDCa87_XmGyNOP2s0z9aaFJJgMWncz6BaLw', '2025-03-29 11:29:45', '2025-03-29 10:29:45', '7eddd6ca-b564-4a53-be05-a1db1c962c6f');
INSERT INTO `user_access_token` (`id`, `value`, `expired_at`, `created_at`, `userId`) VALUES ('07d25aa2-35b3-469c-b10a-f13c1cc99844', 'eyJhbGciOiJIUzI1NiIsInR5cCI6IkpXVCJ9.eyJ1aWQiOiI3ZWRkZDZjYS1iNTY0LTRhNTMtYmUwNS1hMWRiMWM5NjJjNmYiLCJyb2xlcyI6WyJhZG1pbiJdLCJpYXQiOjE3NDIyOTA5NDQsImV4cCI6MTc0MjM3NzM0NH0.AKmz5ESu8T766avHTrCk6_Tw36pRZhXGadZ1ivRKdNI', '2025-03-19 17:42:25', '2025-03-18 17:42:25', '7eddd6ca-b564-4a53-be05-a1db1c962c6f');
INSERT INTO `user_access_token` (`id`, `value`, `expired_at`, `created_at`, `userId`) VALUES ('0dd0cd40-96e7-40a6-97f1-b6f58d7836bc', 'eyJhbGciOiJIUzI1NiIsInR5cCI6IkpXVCJ9.eyJ1aWQiOiI3ZWRkZDZjYS1iNTY0LTRhNTMtYmUwNS1hMWRiMWM5NjJjNmYiLCJyb2xlcyI6WyJhZG1pbiJdLCJpYXQiOjE3NDI0NTg4ODQsImV4cCI6MTc0MjU0NTI4NH0.BhAoL6olytTz3cb85H4SMQTNoyOkWAHt2lN0N_pv_Vs', '2025-03-21 16:21:24', '2025-03-20 16:21:24', '7eddd6ca-b564-4a53-be05-a1db1c962c6f');
INSERT INTO `user_access_token` (`id`, `value`, `expired_at`, `created_at`, `userId`) VALUES ('0e078ac5-8c44-4b2a-919e-17f6876694f6', 'eyJhbGciOiJIUzI1NiIsInR5cCI6IkpXVCJ9.eyJ1aWQiOiI4Njg5ODk5NS0yYzFmLTQzNTgtOGQyZi00ODk4NWIwZmZiOGYiLCJyb2xlcyI6WyJndWVzdCJdLCJpYXQiOjE3NDM0MzI4NzUsImV4cCI6MTc0MzQzNjQ3NX0.68OGyNLs7jIwVQoGSD9eDlJNCLq7_PXgFxgO-XmoCaM', '2025-03-31 23:54:36', '2025-03-31 22:54:36', '86898995-2c1f-4358-8d2f-48985b0ffb8f');
INSERT INTO `user_access_token` (`id`, `value`, `expired_at`, `created_at`, `userId`) VALUES ('0e7daf37-6ae1-4bd6-b461-747ea5fe36e7', 'eyJhbGciOiJIUzI1NiIsInR5cCI6IkpXVCJ9.eyJ1aWQiOiI3ZWRkZDZjYS1iNTY0LTRhNTMtYmUwNS1hMWRiMWM5NjJjNmYiLCJyb2xlcyI6WyJhZG1pbiJdLCJpYXQiOjE3NDM0NzE1NTMsImV4cCI6MTc0MzQ3NTE1M30.32RsqGo9QuowQNGnRdgcLU3u27aIB1OvOcwn9f8h6qs', '2025-04-01 10:39:13', '2025-04-01 09:39:13', '7eddd6ca-b564-4a53-be05-a1db1c962c6f');
INSERT INTO `user_access_token` (`id`, `value`, `expired_at`, `created_at`, `userId`) VALUES ('100a798f-99e4-47b1-afb5-c69c0fa8f3f6', 'eyJhbGciOiJIUzI1NiIsInR5cCI6IkpXVCJ9.eyJ1aWQiOiI0YzUxYjMyMS1kZWRiLTQxMTAtODI3ZC1jY2JjZDgzYjU4NjciLCJyb2xlcyI6WyJndWVzdCJdLCJpYXQiOjE3NDI0NTA4NDcsImV4cCI6MTc0MjUzNzI0N30.EyT18AT8yKb5yg_zBGPmqcYl8X7w6Qh030KgXSi_sjY', '2025-03-21 14:07:27', '2025-03-20 14:07:27', '4c51b321-dedb-4110-827d-ccbcd83b5867');
INSERT INTO `user_access_token` (`id`, `value`, `expired_at`, `created_at`, `userId`) VALUES ('1084e9a8-57d2-4b28-b0c5-ce53b2a372c5', 'eyJhbGciOiJIUzI1NiIsInR5cCI6IkpXVCJ9.eyJ1aWQiOiI3ZWRkZDZjYS1iNTY0LTRhNTMtYmUwNS1hMWRiMWM5NjJjNmYiLCJyb2xlcyI6WyJhZG1pbiJdLCJpYXQiOjE3NDI5MDU1ODIsImV4cCI6MTc0MjkwOTE4Mn0.Pb3uFwycb2TmUYWhVhs9M_X-GrmHySOBV6Dhb4n0jRQ', '2025-03-25 21:26:22', '2025-03-25 20:26:22', '7eddd6ca-b564-4a53-be05-a1db1c962c6f');
INSERT INTO `user_access_token` (`id`, `value`, `expired_at`, `created_at`, `userId`) VALUES ('10b8b92b-cb98-4c81-b33f-1508c0adabe3', 'eyJhbGciOiJIUzI1NiIsInR5cCI6IkpXVCJ9.eyJ1aWQiOiI3ZWRkZDZjYS1iNTY0LTRhNTMtYmUwNS1hMWRiMWM5NjJjNmYiLCJyb2xlcyI6WyJhZG1pbiJdLCJpYXQiOjE3NDI2OTY2MzksImV4cCI6MTc0Mjc4MzAzOX0.HfYsMGJk3CPl1OLT6LV9gJiPHZ4SRYgsyhqOJNmppFI', '2025-03-24 10:24:00', '2025-03-23 10:24:00', '7eddd6ca-b564-4a53-be05-a1db1c962c6f');
INSERT INTO `user_access_token` (`id`, `value`, `expired_at`, `created_at`, `userId`) VALUES ('12e6a840-7acd-40f5-af77-9b05b10eddd3', 'eyJhbGciOiJIUzI1NiIsInR5cCI6IkpXVCJ9.eyJ1aWQiOiI3ZWRkZDZjYS1iNTY0LTRhNTMtYmUwNS1hMWRiMWM5NjJjNmYiLCJyb2xlcyI6WyJhZG1pbiJdLCJpYXQiOjE3NDM1ODcxMjUsImV4cCI6MTc0MzU5MDcyNX0.3NAVSnpw7SkbtwEH2VPjUDhWMXqp8oar1BJXI1rBgJ8', '2025-04-02 18:45:26', '2025-04-02 17:45:26', '7eddd6ca-b564-4a53-be05-a1db1c962c6f');
INSERT INTO `user_access_token` (`id`, `value`, `expired_at`, `created_at`, `userId`) VALUES ('15b5a279-c749-46ad-92ff-ae1e06b8bcd6', 'eyJhbGciOiJIUzI1NiIsInR5cCI6IkpXVCJ9.eyJ1aWQiOiI3ZWRkZDZjYS1iNTY0LTRhNTMtYmUwNS1hMWRiMWM5NjJjNmYiLCJyb2xlcyI6WyJhZG1pbiJdLCJpYXQiOjE3NDQxMDU0MTMsImV4cCI6MTc0NDEwOTAxM30.q0LjpcK50Zoz5O0qQAjgykjDFt3o6Br7Oib5p5WjOFs', '2025-04-08 18:43:33', '2025-04-08 17:43:33', '7eddd6ca-b564-4a53-be05-a1db1c962c6f');
INSERT INTO `user_access_token` (`id`, `value`, `expired_at`, `created_at`, `userId`) VALUES ('163b0d18-0d58-420b-95de-d4be9f5915ec', 'eyJhbGciOiJIUzI1NiIsInR5cCI6IkpXVCJ9.eyJ1aWQiOiI3ZWRkZDZjYS1iNTY0LTRhNTMtYmUwNS1hMWRiMWM5NjJjNmYiLCJyb2xlcyI6WyJhZG1pbiJdLCJpYXQiOjE3NDI5MTA4ODgsImV4cCI6MTc0MjkxNDQ4OH0.QPCUL6RrGNNqTrXi9DDUcgI99TZfiRmhCr46jOzAoPU', '2025-03-25 22:54:49', '2025-03-25 21:54:49', '7eddd6ca-b564-4a53-be05-a1db1c962c6f');
INSERT INTO `user_access_token` (`id`, `value`, `expired_at`, `created_at`, `userId`) VALUES ('16ace2c1-0ec1-4ee9-9e25-7e2145890d06', 'eyJhbGciOiJIUzI1NiIsInR5cCI6IkpXVCJ9.eyJ1aWQiOiI3ZWRkZDZjYS1iNTY0LTRhNTMtYmUwNS1hMWRiMWM5NjJjNmYiLCJyb2xlcyI6WyJhZG1pbiJdLCJpYXQiOjE3NDQwMjQ0NDcsImV4cCI6MTc0NDAyODA0N30.a5UHVN0SPXz0mVI3mkI_W7QR2dZ3o7lilInaR5rliQU', '2025-04-07 20:14:08', '2025-04-07 19:14:08', '7eddd6ca-b564-4a53-be05-a1db1c962c6f');
INSERT INTO `user_access_token` (`id`, `value`, `expired_at`, `created_at`, `userId`) VALUES ('17a7367f-931e-4bda-a137-0b43c23ab80b', 'eyJhbGciOiJIUzI1NiIsInR5cCI6IkpXVCJ9.eyJ1aWQiOiI3ZWRkZDZjYS1iNTY0LTRhNTMtYmUwNS1hMWRiMWM5NjJjNmYiLCJyb2xlcyI6WyJhZG1pbiJdLCJpYXQiOjE3NDI1NDE4MjEsImV4cCI6MTc0MjU0NTQyMX0.j52jvWP06gviEwrojzWfMPbFafjfwINjuwO-xPDzwJA', '2025-03-21 16:23:42', '2025-03-21 15:23:42', '7eddd6ca-b564-4a53-be05-a1db1c962c6f');
INSERT INTO `user_access_token` (`id`, `value`, `expired_at`, `created_at`, `userId`) VALUES ('1813ce97-2eed-481f-baef-5377940a7f78', 'eyJhbGciOiJIUzI1NiIsInR5cCI6IkpXVCJ9.eyJ1aWQiOiI3ZWRkZDZjYS1iNTY0LTRhNTMtYmUwNS1hMWRiMWM5NjJjNmYiLCJyb2xlcyI6WyJhZG1pbiJdLCJpYXQiOjE3NDI3OTI2ODcsImV4cCI6MTc0Mjc5NjI4N30.E5cEbZzzJvrJzedf1C24UidEetRq2atoMPYnEDUfh-M', '2025-03-24 14:04:48', '2025-03-24 13:04:48', '7eddd6ca-b564-4a53-be05-a1db1c962c6f');
INSERT INTO `user_access_token` (`id`, `value`, `expired_at`, `created_at`, `userId`) VALUES ('18dd8d40-b0ea-4ddf-8fec-afa20a965d2e', 'eyJhbGciOiJIUzI1NiIsInR5cCI6IkpXVCJ9.eyJ1aWQiOiI3ZWRkZDZjYS1iNTY0LTRhNTMtYmUwNS1hMWRiMWM5NjJjNmYiLCJyb2xlcyI6WyJhZG1pbiJdLCJpYXQiOjE3NDQwMTU1NDQsImV4cCI6MTc0NDAxOTE0NH0.C9ZckGy1K7mpt52QuRgy0CVyQeUue9-i8T3yW47jbkw', '2025-04-07 17:45:44', '2025-04-07 16:45:44', '7eddd6ca-b564-4a53-be05-a1db1c962c6f');
INSERT INTO `user_access_token` (`id`, `value`, `expired_at`, `created_at`, `userId`) VALUES ('1989b1c7-ddbc-4de7-a5ff-f683d3ca88ed', 'eyJhbGciOiJIUzI1NiIsInR5cCI6IkpXVCJ9.eyJ1aWQiOiI3ZWRkZDZjYS1iNTY0LTRhNTMtYmUwNS1hMWRiMWM5NjJjNmYiLCJyb2xlcyI6WyJhZG1pbiJdLCJpYXQiOjE3NDMwNjk1NzUsImV4cCI6MTc0MzA3MzE3NX0.uD7ePkPWiR1ZhQ5MKsmJ7h8GrsKzH73qCaccZltq5aY', '2025-03-27 18:59:36', '2025-03-27 17:59:36', '7eddd6ca-b564-4a53-be05-a1db1c962c6f');
INSERT INTO `user_access_token` (`id`, `value`, `expired_at`, `created_at`, `userId`) VALUES ('1e651335-38b7-41a5-bace-3607c249c37f', 'eyJhbGciOiJIUzI1NiIsInR5cCI6IkpXVCJ9.eyJ1aWQiOiI3ZWRkZDZjYS1iNTY0LTRhNTMtYmUwNS1hMWRiMWM5NjJjNmYiLCJyb2xlcyI6WyJhZG1pbiJdLCJpYXQiOjE3NDIwOTQyNjQsImV4cCI6MTc0MjA5NjA2NH0.Io3PhmjRW9HNjC4smyMY_Ht9eZG_hxcahP85Mw6FmWw', '2025-03-16 11:34:25', '2025-03-16 11:04:25', '7eddd6ca-b564-4a53-be05-a1db1c962c6f');
INSERT INTO `user_access_token` (`id`, `value`, `expired_at`, `created_at`, `userId`) VALUES ('213ec7ff-5e93-4cbf-a79b-7c01a99af835', 'eyJhbGciOiJIUzI1NiIsInR5cCI6IkpXVCJ9.eyJ1aWQiOiI3ZWRkZDZjYS1iNTY0LTRhNTMtYmUwNS1hMWRiMWM5NjJjNmYiLCJyb2xlcyI6WyJhZG1pbiJdLCJpYXQiOjE3NDQxMzA5MDgsImV4cCI6MTc0NDEzMjcwOH0.KrTyNYOMUty5Fil4ziNAQugPR5tB6Hrh-pHI2VXXmTo', '2025-04-09 01:18:28', '2025-04-09 00:48:28', '7eddd6ca-b564-4a53-be05-a1db1c962c6f');
INSERT INTO `user_access_token` (`id`, `value`, `expired_at`, `created_at`, `userId`) VALUES ('2362a089-eba7-4692-bca2-1f5cf424b821', 'eyJhbGciOiJIUzI1NiIsInR5cCI6IkpXVCJ9.eyJ1aWQiOiI0YzUxYjMyMS1kZWRiLTQxMTAtODI3ZC1jY2JjZDgzYjU4NjciLCJyb2xlcyI6WyJndWVzdCJdLCJpYXQiOjE3NDIyNzQ2MjgsImV4cCI6MTc0MjM2MTAyOH0.bi4uqTyDhKM_orur9RTQ5vzja3A6vAYC5tmaJoejNfM', '2025-03-19 13:10:28', '2025-03-18 13:10:28', '4c51b321-dedb-4110-827d-ccbcd83b5867');
INSERT INTO `user_access_token` (`id`, `value`, `expired_at`, `created_at`, `userId`) VALUES ('24cab2ad-adc6-455e-a806-5d8a645791df', 'eyJhbGciOiJIUzI1NiIsInR5cCI6IkpXVCJ9.eyJ1aWQiOiI3ZWRkZDZjYS1iNTY0LTRhNTMtYmUwNS1hMWRiMWM5NjJjNmYiLCJyb2xlcyI6WyJhZG1pbiJdLCJpYXQiOjE3NDMzMDc5MjgsImV4cCI6MTc0MzMxMTUyOH0.kGDiN5vyAz_vtGoUCUExFPFnvCD_vpdVHKJJ_-0R-hQ', '2025-03-30 13:12:09', '2025-03-30 12:12:09', '7eddd6ca-b564-4a53-be05-a1db1c962c6f');
INSERT INTO `user_access_token` (`id`, `value`, `expired_at`, `created_at`, `userId`) VALUES ('254a302a-7dd0-4e7f-9cc9-d2e64b8f8d27', 'eyJhbGciOiJIUzI1NiIsInR5cCI6IkpXVCJ9.eyJ1aWQiOiI3ZWRkZDZjYS1iNTY0LTRhNTMtYmUwNS1hMWRiMWM5NjJjNmYiLCJyb2xlcyI6WyJhZG1pbiJdLCJpYXQiOjE3NDMzNDI5NjAsImV4cCI6MTc0MzM0NjU2MH0.0Ld9dyDZ56Wnud_tIIPzx064iJUjhjjI4k9WKdjB8RY', '2025-03-30 22:56:00', '2025-03-30 21:56:00', '7eddd6ca-b564-4a53-be05-a1db1c962c6f');
INSERT INTO `user_access_token` (`id`, `value`, `expired_at`, `created_at`, `userId`) VALUES ('25e4b9ae-9144-4ad3-a193-60c7e3824931', 'eyJhbGciOiJIUzI1NiIsInR5cCI6IkpXVCJ9.eyJ1aWQiOiI3ZWRkZDZjYS1iNTY0LTRhNTMtYmUwNS1hMWRiMWM5NjJjNmYiLCJyb2xlcyI6WyJhZG1pbiJdLCJpYXQiOjE3NDI4Njk4MTIsImV4cCI6MTc0Mjg3MzQxMn0.ac5xxEtcSfYn4HolZvWUKRq9dbNgyeHdnKtNpiC4MVY', '2025-03-25 11:30:12', '2025-03-25 10:30:12', '7eddd6ca-b564-4a53-be05-a1db1c962c6f');
INSERT INTO `user_access_token` (`id`, `value`, `expired_at`, `created_at`, `userId`) VALUES ('2724fce2-0953-4854-a47d-9c122ee2a1f6', 'eyJhbGciOiJIUzI1NiIsInR5cCI6IkpXVCJ9.eyJ1aWQiOiI3ZWRkZDZjYS1iNTY0LTRhNTMtYmUwNS1hMWRiMWM5NjJjNmYiLCJyb2xlcyI6WyJhZG1pbiJdLCJpYXQiOjE3NDI4OTAyNzAsImV4cCI6MTc0Mjg5Mzg3MH0.wj6RYatc4V2lB7FEh3SAPip6Tvy0UaZSmGcUPrTxRaw', '2025-03-25 17:11:10', '2025-03-25 16:11:10', '7eddd6ca-b564-4a53-be05-a1db1c962c6f');
INSERT INTO `user_access_token` (`id`, `value`, `expired_at`, `created_at`, `userId`) VALUES ('2b2a5ce0-91e5-4072-af2d-9af95fc6d931', 'eyJhbGciOiJIUzI1NiIsInR5cCI6IkpXVCJ9.eyJ1aWQiOiI3ZWRkZDZjYS1iNTY0LTRhNTMtYmUwNS1hMWRiMWM5NjJjNmYiLCJyb2xlcyI6WyJhZG1pbiJdLCJpYXQiOjE3NDM1MDI0MDYsImV4cCI6MTc0MzUwNjAwNn0.cVhQejPVnMwPSJtpKM4H-PIciNNYaaRHACfeKYn5Ijk', '2025-04-01 19:13:26', '2025-04-01 18:13:26', '7eddd6ca-b564-4a53-be05-a1db1c962c6f');
INSERT INTO `user_access_token` (`id`, `value`, `expired_at`, `created_at`, `userId`) VALUES ('2b666fd4-39e5-4acb-93c1-6ed183ae7a42', 'eyJhbGciOiJIUzI1NiIsInR5cCI6IkpXVCJ9.eyJ1aWQiOiI3ZWRkZDZjYS1iNTY0LTRhNTMtYmUwNS1hMWRiMWM5NjJjNmYiLCJyb2xlcyI6WyJhZG1pbiJdLCJpYXQiOjE3NDQxMDI2NzgsImV4cCI6MTc0NDEwNjI3OH0.OGI4zwPtyESdBe4duT4zFmLfXIFCSWgrQHVjQDwvsvc', '2025-04-08 17:57:59', '2025-04-08 16:57:59', '7eddd6ca-b564-4a53-be05-a1db1c962c6f');
INSERT INTO `user_access_token` (`id`, `value`, `expired_at`, `created_at`, `userId`) VALUES ('2dbde8c5-513f-4801-9d10-d467d53095d1', 'eyJhbGciOiJIUzI1NiIsInR5cCI6IkpXVCJ9.eyJ1aWQiOiI3ZWRkZDZjYS1iNTY0LTRhNTMtYmUwNS1hMWRiMWM5NjJjNmYiLCJyb2xlcyI6WyJhZG1pbiJdLCJpYXQiOjE3NDI5MjAxMDMsImV4cCI6MTc0MjkyMzcwM30.fsnmwKFPULE8_sR9cSsLztZPmzjHorroLTIYoJpnvMs', '2025-03-26 01:28:23', '2025-03-26 00:28:23', '7eddd6ca-b564-4a53-be05-a1db1c962c6f');
INSERT INTO `user_access_token` (`id`, `value`, `expired_at`, `created_at`, `userId`) VALUES ('2dd5a20c-8be5-49b6-9763-06169e9636ce', 'eyJhbGciOiJIUzI1NiIsInR5cCI6IkpXVCJ9.eyJ1aWQiOiJhYzA5ZGFjNy1lMmU2LTQ0ZDQtODZjOC1mZTYxNDMwMWI0NDEiLCJyb2xlcyI6WyJ0ZXN0Il0sImlhdCI6MTc0MDg0MjQ5MiwiZXhwIjoxNzQwODQ0MjkyfQ.JXHMgVv6zA_hO0a1yrTp4k6WJ7mH4YmXHgY2ldkX-iw', '2025-03-01 23:51:32', '2025-03-01 23:21:32', 'ac09dac7-e2e6-44d4-86c8-fe614301b441');
INSERT INTO `user_access_token` (`id`, `value`, `expired_at`, `created_at`, `userId`) VALUES ('31315edc-105b-4ac8-9ecd-8eb98a9fa0e0', 'eyJhbGciOiJIUzI1NiIsInR5cCI6IkpXVCJ9.eyJ1aWQiOiI3ZWRkZDZjYS1iNTY0LTRhNTMtYmUwNS1hMWRiMWM5NjJjNmYiLCJyb2xlcyI6WyJhZG1pbiJdLCJpYXQiOjE3NDMzMTAxOTEsImV4cCI6MTc0MzMxMzc5MX0.SpZxcG-D_fnFRVsZsthGXCqN6ENOEyUlwm56N-tALpI', '2025-03-30 13:49:51', '2025-03-30 12:49:51', '7eddd6ca-b564-4a53-be05-a1db1c962c6f');
INSERT INTO `user_access_token` (`id`, `value`, `expired_at`, `created_at`, `userId`) VALUES ('319af595-fc7f-420d-9fc0-5effca13c593', 'eyJhbGciOiJIUzI1NiIsInR5cCI6IkpXVCJ9.eyJ1aWQiOiI3ZWRkZDZjYS1iNTY0LTRhNTMtYmUwNS1hMWRiMWM5NjJjNmYiLCJyb2xlcyI6WyJhZG1pbiJdLCJpYXQiOjE3NDI3MTAyNzEsImV4cCI6MTc0MjcxMzg3MX0.eA6riOjzoSZ4lXPPIYPAx9uAKpXDjg6Q6VP054kH4jM', '2025-03-23 15:11:11', '2025-03-23 14:11:11', '7eddd6ca-b564-4a53-be05-a1db1c962c6f');
INSERT INTO `user_access_token` (`id`, `value`, `expired_at`, `created_at`, `userId`) VALUES ('31e01df8-8e5d-4bd7-b9f6-17c16551eadd', 'eyJhbGciOiJIUzI1NiIsInR5cCI6IkpXVCJ9.eyJ1aWQiOiI3ZWRkZDZjYS1iNTY0LTRhNTMtYmUwNS1hMWRiMWM5NjJjNmYiLCJyb2xlcyI6WyJhZG1pbiJdLCJpYXQiOjE3NDM5ODcwODQsImV4cCI6MTc0Mzk5MDY4NH0.UUUT8OIv1_vNKSlMDbvw8MpnAvaEVJRNg5X2Bw7Vj14', '2025-04-07 09:51:24', '2025-04-07 08:51:24', '7eddd6ca-b564-4a53-be05-a1db1c962c6f');
INSERT INTO `user_access_token` (`id`, `value`, `expired_at`, `created_at`, `userId`) VALUES ('3236100e-069b-4f21-897a-e61cf3ff2014', 'eyJhbGciOiJIUzI1NiIsInR5cCI6IkpXVCJ9.eyJ1aWQiOiI3ZWRkZDZjYS1iNTY0LTRhNTMtYmUwNS1hMWRiMWM5NjJjNmYiLCJyb2xlcyI6WyJhZG1pbiJdLCJpYXQiOjE3NDI1MjAxNTEsImV4cCI6MTc0MjUyMzc1MX0.-Di70B-r6a9ZEqyBvIntR0qf_tZGqlEZo3iVnkmNvD4', '2025-03-21 10:22:31', '2025-03-21 09:22:31', '7eddd6ca-b564-4a53-be05-a1db1c962c6f');
INSERT INTO `user_access_token` (`id`, `value`, `expired_at`, `created_at`, `userId`) VALUES ('340bd91e-a4ec-466f-812a-54f4984e00de', 'eyJhbGciOiJIUzI1NiIsInR5cCI6IkpXVCJ9.eyJ1aWQiOiI3ZWRkZDZjYS1iNTY0LTRhNTMtYmUwNS1hMWRiMWM5NjJjNmYiLCJyb2xlcyI6WyJhZG1pbiJdLCJpYXQiOjE3NDM0OTMwODMsImV4cCI6MTc0MzQ5NjY4M30.X7UQTVYIxV_RNjyspu8-x6Koh-YGnAKhncBjQUHvWfg', '2025-04-01 16:38:03', '2025-04-01 15:38:03', '7eddd6ca-b564-4a53-be05-a1db1c962c6f');
INSERT INTO `user_access_token` (`id`, `value`, `expired_at`, `created_at`, `userId`) VALUES ('36b939a7-f9d4-4aa9-8a92-de4a5f03b1ca', 'eyJhbGciOiJIUzI1NiIsInR5cCI6IkpXVCJ9.eyJ1aWQiOiI3ZWRkZDZjYS1iNTY0LTRhNTMtYmUwNS1hMWRiMWM5NjJjNmYiLCJyb2xlcyI6WyJhZG1pbiJdLCJpYXQiOjE3NDIyNjk2ODIsImV4cCI6MTc0MjM1NjA4Mn0.GBwgXJH-ZW2GhuFmUI3ceOuFZsHk--dYOl4BCIHf_aU', '2025-03-19 11:48:03', '2025-03-18 11:48:03', '7eddd6ca-b564-4a53-be05-a1db1c962c6f');
INSERT INTO `user_access_token` (`id`, `value`, `expired_at`, `created_at`, `userId`) VALUES ('3799cf15-4ace-42c3-b920-cc49ef7c8eba', 'eyJhbGciOiJIUzI1NiIsInR5cCI6IkpXVCJ9.eyJ1aWQiOiI3ZWRkZDZjYS1iNTY0LTRhNTMtYmUwNS1hMWRiMWM5NjJjNmYiLCJyb2xlcyI6WyJhZG1pbiJdLCJpYXQiOjE3NDM3MDA1NTMsImV4cCI6MTc0MzcwNDE1M30.D522lHtnYBZsr8_Ot4_DH_gCFpZIlMSwiVoumRMU4ak', '2025-04-04 02:15:54', '2025-04-04 01:15:54', '7eddd6ca-b564-4a53-be05-a1db1c962c6f');
INSERT INTO `user_access_token` (`id`, `value`, `expired_at`, `created_at`, `userId`) VALUES ('37afe5c5-0244-4118-bf7d-14a22396d12e', 'eyJhbGciOiJIUzI1NiIsInR5cCI6IkpXVCJ9.eyJ1aWQiOiI3ZWRkZDZjYS1iNTY0LTRhNTMtYmUwNS1hMWRiMWM5NjJjNmYiLCJyb2xlcyI6WyJhZG1pbiJdLCJpYXQiOjE3NDQwMjM0MDYsImV4cCI6MTc0NDAyNzAwNn0.UTDZJImewrf7TwntXMXuXbuogqMaFebmJ_DH8QW1Ryg', '2025-04-07 19:56:47', '2025-04-07 18:56:47', '7eddd6ca-b564-4a53-be05-a1db1c962c6f');
INSERT INTO `user_access_token` (`id`, `value`, `expired_at`, `created_at`, `userId`) VALUES ('3984d39f-efec-49e9-b073-3694e78e7b9a', 'eyJhbGciOiJIUzI1NiIsInR5cCI6IkpXVCJ9.eyJ1aWQiOiI0YzUxYjMyMS1kZWRiLTQxMTAtODI3ZC1jY2JjZDgzYjU4NjciLCJyb2xlcyI6WyJndWVzdCJdLCJpYXQiOjE3NDI5MjMyMDQsImV4cCI6MTc0MjkyNjgwNH0.C7Ub69B9M8DDi9uAD5g66iQRnZcWOJuk9jx7ZdwN2yA', '2025-03-26 02:20:04', '2025-03-26 01:20:04', '4c51b321-dedb-4110-827d-ccbcd83b5867');
INSERT INTO `user_access_token` (`id`, `value`, `expired_at`, `created_at`, `userId`) VALUES ('39ad3d83-4caf-4c1a-a473-a4eb8a9a9279', 'eyJhbGciOiJIUzI1NiIsInR5cCI6IkpXVCJ9.eyJ1aWQiOiI3ZWRkZDZjYS1iNTY0LTRhNTMtYmUwNS1hMWRiMWM5NjJjNmYiLCJyb2xlcyI6WyJhZG1pbiJdLCJpYXQiOjE3NDM4MTI4ODksImV4cCI6MTc0MzgxNjQ4OX0.vIpwT9bWobElycpKMLNAX9NVC5H4FD44vAampxSCS50', '2025-04-05 09:28:09', '2025-04-05 08:28:09', '7eddd6ca-b564-4a53-be05-a1db1c962c6f');
INSERT INTO `user_access_token` (`id`, `value`, `expired_at`, `created_at`, `userId`) VALUES ('3c6e60ae-ed6f-4908-8742-7e3d2bac7b3f', 'eyJhbGciOiJIUzI1NiIsInR5cCI6IkpXVCJ9.eyJ1aWQiOiI3ZWRkZDZjYS1iNTY0LTRhNTMtYmUwNS1hMWRiMWM5NjJjNmYiLCJyb2xlcyI6WyJhZG1pbiJdLCJpYXQiOjE3NDI0OTM2NjEsImV4cCI6MTc0MjQ5NzI2MX0.2wkk3aGJ3z5qdoNaqYRR3YpP5oC6vhSqoF434H2166Q', '2025-03-21 03:01:02', '2025-03-21 02:01:02', '7eddd6ca-b564-4a53-be05-a1db1c962c6f');
INSERT INTO `user_access_token` (`id`, `value`, `expired_at`, `created_at`, `userId`) VALUES ('3d259e10-2128-489a-a08e-78648bfafc23', 'eyJhbGciOiJIUzI1NiIsInR5cCI6IkpXVCJ9.eyJ1aWQiOiI3ZWRkZDZjYS1iNTY0LTRhNTMtYmUwNS1hMWRiMWM5NjJjNmYiLCJyb2xlcyI6WyJhZG1pbiJdLCJpYXQiOjE3NDI3NzkwNTcsImV4cCI6MTc0Mjc4MjY1N30.PB5Z8FCPt1h0xoAq0CulVjYh_VVfD5Y2lFN9jthMkdw', '2025-03-24 10:17:38', '2025-03-24 09:17:38', '7eddd6ca-b564-4a53-be05-a1db1c962c6f');
INSERT INTO `user_access_token` (`id`, `value`, `expired_at`, `created_at`, `userId`) VALUES ('3ff802cd-cae9-4344-91eb-d84de025d796', 'eyJhbGciOiJIUzI1NiIsInR5cCI6IkpXVCJ9.eyJ1aWQiOiI3ZWRkZDZjYS1iNTY0LTRhNTMtYmUwNS1hMWRiMWM5NjJjNmYiLCJyb2xlcyI6WyJhZG1pbiJdLCJpYXQiOjE3NDI2ODk5NzcsImV4cCI6MTc0MjY5MzU3N30.VbRI-G9XK3m_bep21DdE7sq2rZtW7X_MoNvhsaNLaUk', '2025-03-23 09:32:57', '2025-03-23 08:32:57', '7eddd6ca-b564-4a53-be05-a1db1c962c6f');
INSERT INTO `user_access_token` (`id`, `value`, `expired_at`, `created_at`, `userId`) VALUES ('40c698a5-2810-440a-9752-1e4f8b5e2f16', 'eyJhbGciOiJIUzI1NiIsInR5cCI6IkpXVCJ9.eyJ1aWQiOiI3ZWRkZDZjYS1iNTY0LTRhNTMtYmUwNS1hMWRiMWM5NjJjNmYiLCJyb2xlcyI6WyJhZG1pbiJdLCJpYXQiOjE3NDI4ODEzNTUsImV4cCI6MTc0Mjg4NDk1NX0.XrWM2ns6du94SFq6mHF2xvJNQ7ezAmoAU8pCYS7WLSM', '2025-03-25 14:42:36', '2025-03-25 13:42:36', '7eddd6ca-b564-4a53-be05-a1db1c962c6f');
INSERT INTO `user_access_token` (`id`, `value`, `expired_at`, `created_at`, `userId`) VALUES ('4237b1da-047c-4c16-be6b-f6bca4bda7d5', 'eyJhbGciOiJIUzI1NiIsInR5cCI6IkpXVCJ9.eyJ1aWQiOiI3ZWRkZDZjYS1iNTY0LTRhNTMtYmUwNS1hMWRiMWM5NjJjNmYiLCJyb2xlcyI6WyJhZG1pbiJdLCJpYXQiOjE3NDI1MzkwMjMsImV4cCI6MTc0MjU0MjYyM30.BjxzCwxiJILzmkHIySWjoCd0JyxNG5S6uqdLFVGsjIg', '2025-03-21 15:37:04', '2025-03-21 14:37:04', '7eddd6ca-b564-4a53-be05-a1db1c962c6f');
INSERT INTO `user_access_token` (`id`, `value`, `expired_at`, `created_at`, `userId`) VALUES ('492c8e63-4d75-4e1d-b83b-a0b92fb86ab5', 'eyJhbGciOiJIUzI1NiIsInR5cCI6IkpXVCJ9.eyJ1aWQiOiJhYzA5ZGFjNy1lMmU2LTQ0ZDQtODZjOC1mZTYxNDMwMWI0NDEiLCJyb2xlcyI6WyJ0ZXN0Il0sImlhdCI6MTc0MDg0NDA4MiwiZXhwIjoxNzQwODQ1ODgyfQ.7t-MIs_4SwvcN4-Dnl2mPwIxuay8vl6EFGdWYrrHK8I', '2025-03-02 00:18:03', '2025-03-01 23:48:03', 'ac09dac7-e2e6-44d4-86c8-fe614301b441');
INSERT INTO `user_access_token` (`id`, `value`, `expired_at`, `created_at`, `userId`) VALUES ('4be47f35-a53f-4688-9cf2-28310b42ccfa', 'eyJhbGciOiJIUzI1NiIsInR5cCI6IkpXVCJ9.eyJ1aWQiOiJhYzA5ZGFjNy1lMmU2LTQ0ZDQtODZjOC1mZTYxNDMwMWI0NDEiLCJyb2xlcyI6WyJ0ZXN0Il0sImlhdCI6MTc0MDk4NjA5NSwiZXhwIjoxNzQwOTg3ODk1fQ.1eyPEbPJAIbBOLuNe5JHnm0ElX0UK1XjCcJFdKw9BZE', '2025-03-03 15:44:56', '2025-03-03 15:14:56', 'ac09dac7-e2e6-44d4-86c8-fe614301b441');
INSERT INTO `user_access_token` (`id`, `value`, `expired_at`, `created_at`, `userId`) VALUES ('4c459c13-f49e-4306-ba31-a11fa5fba4b1', 'eyJhbGciOiJIUzI1NiIsInR5cCI6IkpXVCJ9.eyJ1aWQiOiI3ZWRkZDZjYS1iNTY0LTRhNTMtYmUwNS1hMWRiMWM5NjJjNmYiLCJyb2xlcyI6WyJhZG1pbiJdLCJpYXQiOjE3NDM0ODkwMzksImV4cCI6MTc0MzQ5MjYzOX0.tdSCJGndG4suvbNyEhabk_grQ2Jpt1yHmMkziOoxQxQ', '2025-04-01 15:30:39', '2025-04-01 14:30:39', '7eddd6ca-b564-4a53-be05-a1db1c962c6f');
INSERT INTO `user_access_token` (`id`, `value`, `expired_at`, `created_at`, `userId`) VALUES ('4eae10a8-1258-44d4-98e9-c0629335f0f3', 'eyJhbGciOiJIUzI1NiIsInR5cCI6IkpXVCJ9.eyJ1aWQiOiI0YzUxYjMyMS1kZWRiLTQxMTAtODI3ZC1jY2JjZDgzYjU4NjciLCJyb2xlcyI6WyJndWVzdCJdLCJpYXQiOjE3NDI3MDgwMTAsImV4cCI6MTc0MjcxMTYxMH0.iIQ9MnJESHGkrHZT_AZa7o4YFBTIUJTWu2BxZcKb9D0', '2025-03-23 14:33:31', '2025-03-23 13:33:31', '4c51b321-dedb-4110-827d-ccbcd83b5867');
INSERT INTO `user_access_token` (`id`, `value`, `expired_at`, `created_at`, `userId`) VALUES ('5025d60c-69b2-4253-9e88-7acea1137810', 'eyJhbGciOiJIUzI1NiIsInR5cCI6IkpXVCJ9.eyJ1aWQiOiJhYzA5ZGFjNy1lMmU2LTQ0ZDQtODZjOC1mZTYxNDMwMWI0NDEiLCJyb2xlcyI6WyJ0ZXN0Il0sImlhdCI6MTc0MDg0Mjc2NywiZXhwIjoxNzQwODQ0NTY3fQ.DmygL-OQjPNZ8Bxh9inWMN5hC9TwqMKX_UyF-CuGACA', '2025-03-01 23:56:07', '2025-03-01 23:26:07', 'ac09dac7-e2e6-44d4-86c8-fe614301b441');
INSERT INTO `user_access_token` (`id`, `value`, `expired_at`, `created_at`, `userId`) VALUES ('509f7f35-3bcf-4060-8275-d7f780ddc4b5', 'eyJhbGciOiJIUzI1NiIsInR5cCI6IkpXVCJ9.eyJ1aWQiOiI3ZWRkZDZjYS1iNTY0LTRhNTMtYmUwNS1hMWRiMWM5NjJjNmYiLCJyb2xlcyI6WyJhZG1pbiJdLCJpYXQiOjE3NDI4NjY2NTIsImV4cCI6MTc0Mjg3MDI1Mn0.AQncAMQ6xk34mIVOo3FHVgse1DUywkqSc8nCpC4ide8', '2025-03-25 10:37:32', '2025-03-25 09:37:32', '7eddd6ca-b564-4a53-be05-a1db1c962c6f');
INSERT INTO `user_access_token` (`id`, `value`, `expired_at`, `created_at`, `userId`) VALUES ('50ba0a45-0b1a-4bf1-918e-fb82bff1049c', 'eyJhbGciOiJIUzI1NiIsInR5cCI6IkpXVCJ9.eyJ1aWQiOiI3ZWRkZDZjYS1iNTY0LTRhNTMtYmUwNS1hMWRiMWM5NjJjNmYiLCJyb2xlcyI6WyJhZG1pbiJdLCJpYXQiOjE3NDM2NTc2MzYsImV4cCI6MTc0MzY2MTIzNn0.vyqA9npnEbHecEO9hHqmhU-94_UmeQ8mUNan3ezKoDw', '2025-04-03 14:20:37', '2025-04-03 13:20:37', '7eddd6ca-b564-4a53-be05-a1db1c962c6f');
INSERT INTO `user_access_token` (`id`, `value`, `expired_at`, `created_at`, `userId`) VALUES ('51d1fdd7-e67c-4ddb-8134-c73d6e70fd6c', 'eyJhbGciOiJIUzI1NiIsInR5cCI6IkpXVCJ9.eyJ1aWQiOiI3ZWRkZDZjYS1iNTY0LTRhNTMtYmUwNS1hMWRiMWM5NjJjNmYiLCJyb2xlcyI6WyJhZG1pbiJdLCJpYXQiOjE3NDM2NDA3MDEsImV4cCI6MTc0MzY0NDMwMX0.q9gO3GX-3uj5K3uqhh8zmCcnPoiNKSwaXbajxZmSm0M', '2025-04-03 09:38:21', '2025-04-03 08:38:21', '7eddd6ca-b564-4a53-be05-a1db1c962c6f');
INSERT INTO `user_access_token` (`id`, `value`, `expired_at`, `created_at`, `userId`) VALUES ('5202a210-f1df-4b6e-a9ba-b38dde96452b', 'eyJhbGciOiJIUzI1NiIsInR5cCI6IkpXVCJ9.eyJ1aWQiOiI3ZWRkZDZjYS1iNTY0LTRhNTMtYmUwNS1hMWRiMWM5NjJjNmYiLCJyb2xlcyI6WyJhZG1pbiJdLCJpYXQiOjE3NDI3MDg5ODEsImV4cCI6MTc0MjcxMjU4MX0.LJpcilJuNUwNHKi24uJV2daRN959_PrU87AQ90yEc24', '2025-03-23 14:49:42', '2025-03-23 13:49:42', '7eddd6ca-b564-4a53-be05-a1db1c962c6f');
INSERT INTO `user_access_token` (`id`, `value`, `expired_at`, `created_at`, `userId`) VALUES ('561d453e-482c-4afc-8eae-6217c2bb918e', 'eyJhbGciOiJIUzI1NiIsInR5cCI6IkpXVCJ9.eyJ1aWQiOiI3ZWRkZDZjYS1iNTY0LTRhNTMtYmUwNS1hMWRiMWM5NjJjNmYiLCJyb2xlcyI6WyJhZG1pbiJdLCJpYXQiOjE3NDQxMTE5NjEsImV4cCI6MTc0NDExNTU2MX0.-rFFwKUUyZ8oocVAiMBg0XlsbCEnwxSvcS_v4w1VgDM', '2025-04-08 20:32:41', '2025-04-08 19:32:41', '7eddd6ca-b564-4a53-be05-a1db1c962c6f');
INSERT INTO `user_access_token` (`id`, `value`, `expired_at`, `created_at`, `userId`) VALUES ('5c6793f0-10fa-494e-9d32-2396078df36f', 'eyJhbGciOiJIUzI1NiIsInR5cCI6IkpXVCJ9.eyJ1aWQiOiI3ZWRkZDZjYS1iNTY0LTRhNTMtYmUwNS1hMWRiMWM5NjJjNmYiLCJyb2xlcyI6WyJhZG1pbiJdLCJpYXQiOjE3NDM0OTY2MzcsImV4cCI6MTc0MzUwMDIzN30.BUsSBaXi1sqz2NgZws5zRCgIJbhrUJjf2kNIC8LlGj4', '2025-04-01 17:37:18', '2025-04-01 16:37:18', '7eddd6ca-b564-4a53-be05-a1db1c962c6f');
INSERT INTO `user_access_token` (`id`, `value`, `expired_at`, `created_at`, `userId`) VALUES ('5d102ef6-18ff-47d5-91cc-8c6111de391d', 'eyJhbGciOiJIUzI1NiIsInR5cCI6IkpXVCJ9.eyJ1aWQiOiI3ZWRkZDZjYS1iNTY0LTRhNTMtYmUwNS1hMWRiMWM5NjJjNmYiLCJyb2xlcyI6WyJhZG1pbiJdLCJpYXQiOjE3NDI2OTg1NjQsImV4cCI6MTc0MjcwMjE2NH0.qIZmXDEdb9-Pk0Oj6sVFhfLB16Q-pnHMEJpt1sjET_0', '2025-03-23 11:56:05', '2025-03-23 10:56:05', '7eddd6ca-b564-4a53-be05-a1db1c962c6f');
INSERT INTO `user_access_token` (`id`, `value`, `expired_at`, `created_at`, `userId`) VALUES ('5d50314b-1345-4eb4-af2c-e7755f96d5cf', 'eyJhbGciOiJIUzI1NiIsInR5cCI6IkpXVCJ9.eyJ1aWQiOiJhYzA5ZGFjNy1lMmU2LTQ0ZDQtODZjOC1mZTYxNDMwMWI0NDEiLCJyb2xlcyI6WyJ0ZXN0Il0sImlhdCI6MTc0MjQzNzA2NywiZXhwIjoxNzQyNTIzNDY3fQ.rfSflqCK4bk80GiHECKqoY-RZlblypQ3a1cUCQFE22c', '2025-03-21 10:17:47', '2025-03-20 10:17:47', 'ac09dac7-e2e6-44d4-86c8-fe614301b441');
INSERT INTO `user_access_token` (`id`, `value`, `expired_at`, `created_at`, `userId`) VALUES ('5e986c1b-4f11-4464-9595-3adce81f153f', 'eyJhbGciOiJIUzI1NiIsInR5cCI6IkpXVCJ9.eyJ1aWQiOiI3ZWRkZDZjYS1iNTY0LTRhNTMtYmUwNS1hMWRiMWM5NjJjNmYiLCJyb2xlcyI6WyJhZG1pbiJdLCJpYXQiOjE3NDIyMzAyMjksImV4cCI6MTc0MjMxNjYyOX0.OO7Yw41uyVILSYbLw294nqibIMGEQjzGhkWotQ9JbLQ', '2025-03-18 16:50:30', '2025-03-17 16:50:30', '7eddd6ca-b564-4a53-be05-a1db1c962c6f');
INSERT INTO `user_access_token` (`id`, `value`, `expired_at`, `created_at`, `userId`) VALUES ('61d1ea9d-f44c-4110-9c9f-8b8fab4f55da', 'eyJhbGciOiJIUzI1NiIsInR5cCI6IkpXVCJ9.eyJ1aWQiOiI3ZWRkZDZjYS1iNTY0LTRhNTMtYmUwNS1hMWRiMWM5NjJjNmYiLCJyb2xlcyI6WyJhZG1pbiJdLCJpYXQiOjE3NDM3MDA1ODEsImV4cCI6MTc0MzcwNDE4MX0.iAT_-MvGnmcStQoDv6xbkz4q_ir_OL2h6wETNkwAWwI', '2025-04-04 02:16:22', '2025-04-04 01:16:22', '7eddd6ca-b564-4a53-be05-a1db1c962c6f');
INSERT INTO `user_access_token` (`id`, `value`, `expired_at`, `created_at`, `userId`) VALUES ('6387613e-8523-408b-bead-dcc4b1918e36', 'eyJhbGciOiJIUzI1NiIsInR5cCI6IkpXVCJ9.eyJ1aWQiOiI3ZWRkZDZjYS1iNTY0LTRhNTMtYmUwNS1hMWRiMWM5NjJjNmYiLCJyb2xlcyI6WyJhZG1pbiJdLCJpYXQiOjE3NDQwNzUyNDMsImV4cCI6MTc0NDA3ODg0M30.jE4_QbWmgYhLhI3Naq1uT9sb3FpRudyWXaD-UtlZrwo', '2025-04-08 10:20:44', '2025-04-08 09:20:44', '7eddd6ca-b564-4a53-be05-a1db1c962c6f');
INSERT INTO `user_access_token` (`id`, `value`, `expired_at`, `created_at`, `userId`) VALUES ('64a1efd7-2bd7-45b6-8476-98cdacc17e39', 'eyJhbGciOiJIUzI1NiIsInR5cCI6IkpXVCJ9.eyJ1aWQiOiI3ZWRkZDZjYS1iNTY0LTRhNTMtYmUwNS1hMWRiMWM5NjJjNmYiLCJyb2xlcyI6WyJhZG1pbiJdLCJpYXQiOjE3NDI0NTQ5MTMsImV4cCI6MTc0MjU0MTMxM30.DX122Xk00wsk-VKILtxeEQxbUScJZEC1AAzi0TEJ7Gs', '2025-03-21 15:15:13', '2025-03-20 15:15:13', '7eddd6ca-b564-4a53-be05-a1db1c962c6f');
INSERT INTO `user_access_token` (`id`, `value`, `expired_at`, `created_at`, `userId`) VALUES ('64c7dc26-7391-491b-a23f-4870e94ca12b', 'eyJhbGciOiJIUzI1NiIsInR5cCI6IkpXVCJ9.eyJ1aWQiOiI3ZWRkZDZjYS1iNTY0LTRhNTMtYmUwNS1hMWRiMWM5NjJjNmYiLCJyb2xlcyI6WyJhZG1pbiJdLCJpYXQiOjE3NDI0OTM4MjUsImV4cCI6MTc0MjQ5NzQyNX0.shmDPTxMR_o5RIDV1eODEATmpU1auBxTZtEnsP1nJQk', '2025-03-21 03:03:45', '2025-03-21 02:03:45', '7eddd6ca-b564-4a53-be05-a1db1c962c6f');
INSERT INTO `user_access_token` (`id`, `value`, `expired_at`, `created_at`, `userId`) VALUES ('67b89a01-ff12-45ae-a4aa-537834a156e1', 'eyJhbGciOiJIUzI1NiIsInR5cCI6IkpXVCJ9.eyJ1aWQiOiI3ZWRkZDZjYS1iNTY0LTRhNTMtYmUwNS1hMWRiMWM5NjJjNmYiLCJyb2xlcyI6WyJhZG1pbiJdLCJpYXQiOjE3NDM5NTE4NjYsImV4cCI6MTc0Mzk1NTQ2Nn0.s1kp8wPsdqwCpQgoCr5LtPTwWokCD1d-ytSM1q-Cus0', '2025-04-07 00:04:27', '2025-04-06 23:04:27', '7eddd6ca-b564-4a53-be05-a1db1c962c6f');
INSERT INTO `user_access_token` (`id`, `value`, `expired_at`, `created_at`, `userId`) VALUES ('67bd8749-42bb-41ed-a4bc-82a32552197f', 'eyJhbGciOiJIUzI1NiIsInR5cCI6IkpXVCJ9.eyJ1aWQiOiI3ZWRkZDZjYS1iNTY0LTRhNTMtYmUwNS1hMWRiMWM5NjJjNmYiLCJyb2xlcyI6WyJhZG1pbiJdLCJpYXQiOjE3NDI3MDYzMjQsImV4cCI6MTc0MjcwOTkyNH0.RtJDIcEGaUCFcHjIDNgWBlxRrwjtyBehRxNTW_VLvDw', '2025-03-23 14:05:24', '2025-03-23 13:05:24', '7eddd6ca-b564-4a53-be05-a1db1c962c6f');
INSERT INTO `user_access_token` (`id`, `value`, `expired_at`, `created_at`, `userId`) VALUES ('684b55df-4001-4c74-94cf-d6d2205d05fc', 'eyJhbGciOiJIUzI1NiIsInR5cCI6IkpXVCJ9.eyJ1aWQiOiI3ZWRkZDZjYS1iNTY0LTRhNTMtYmUwNS1hMWRiMWM5NjJjNmYiLCJyb2xlcyI6WyJhZG1pbiJdLCJpYXQiOjE3NDI4OTc1MzgsImV4cCI6MTc0MjkwMTEzOH0.W1wKVJc2UVCT4zv36vh-nuX7BIU8QwGlTLOz9YdI42U', '2025-03-25 19:12:19', '2025-03-25 18:12:19', '7eddd6ca-b564-4a53-be05-a1db1c962c6f');
INSERT INTO `user_access_token` (`id`, `value`, `expired_at`, `created_at`, `userId`) VALUES ('68c022e3-3b6d-4aee-9e75-ec9a03c0c0b9', 'eyJhbGciOiJIUzI1NiIsInR5cCI6IkpXVCJ9.eyJ1aWQiOiI0YzUxYjMyMS1kZWRiLTQxMTAtODI3ZC1jY2JjZDgzYjU4NjciLCJyb2xlcyI6WyJndWVzdCJdLCJpYXQiOjE3NDQwMzg3NzgsImV4cCI6MTc0NDA0MjM3OH0.vyBl8mdcTWwKkMHIah7xbNoySdF6-hGhtLkhaseTZqY', '2025-04-08 00:12:59', '2025-04-07 23:12:59', '4c51b321-dedb-4110-827d-ccbcd83b5867');
INSERT INTO `user_access_token` (`id`, `value`, `expired_at`, `created_at`, `userId`) VALUES ('695707e5-0697-4ecf-9f0f-a6d08194eeda', 'eyJhbGciOiJIUzI1NiIsInR5cCI6IkpXVCJ9.eyJ1aWQiOiI3ZWRkZDZjYS1iNTY0LTRhNTMtYmUwNS1hMWRiMWM5NjJjNmYiLCJyb2xlcyI6WyJhZG1pbiJdLCJpYXQiOjE3NDIyNjA1ODQsImV4cCI6MTc0MjM0Njk4NH0.EzD7xPqcFS93qlnHIxiZ875DqbD5Qb1hoyJ3D39QGv4', '2025-03-19 09:16:24', '2025-03-18 09:16:24', '7eddd6ca-b564-4a53-be05-a1db1c962c6f');
INSERT INTO `user_access_token` (`id`, `value`, `expired_at`, `created_at`, `userId`) VALUES ('6b90a86c-78a3-47f6-afc9-4b449238f4c7', 'eyJhbGciOiJIUzI1NiIsInR5cCI6IkpXVCJ9.eyJ1aWQiOiI3ZWRkZDZjYS1iNTY0LTRhNTMtYmUwNS1hMWRiMWM5NjJjNmYiLCJyb2xlcyI6WyJhZG1pbiJdLCJpYXQiOjE3NDM4MjA5NjAsImV4cCI6MTc0MzgyNDU2MH0.xi-c9AvT9_DVP9rEamVgoGYva0uTNcv6H0CWAkzKYrQ', '2025-04-05 11:42:40', '2025-04-05 10:42:40', '7eddd6ca-b564-4a53-be05-a1db1c962c6f');
INSERT INTO `user_access_token` (`id`, `value`, `expired_at`, `created_at`, `userId`) VALUES ('6c717b7e-1d64-4515-b796-537b3a440d58', 'eyJhbGciOiJIUzI1NiIsInR5cCI6IkpXVCJ9.eyJ1aWQiOiI3ZWRkZDZjYS1iNTY0LTRhNTMtYmUwNS1hMWRiMWM5NjJjNmYiLCJyb2xlcyI6WyJhZG1pbiJdLCJpYXQiOjE3NDIyMjc1MTQsImV4cCI6MTc0MjIyOTMxNH0.1rB4oRL-FPE3frDWUFb0aa1ezpHxuQIPy-tYkhfLlMM', '2025-03-18 00:35:15', '2025-03-18 00:05:15', '7eddd6ca-b564-4a53-be05-a1db1c962c6f');
INSERT INTO `user_access_token` (`id`, `value`, `expired_at`, `created_at`, `userId`) VALUES ('6f4642f2-4fb7-4eaa-8ded-0294f1105ccd', 'eyJhbGciOiJIUzI1NiIsInR5cCI6IkpXVCJ9.eyJ1aWQiOiI3ZWRkZDZjYS1iNTY0LTRhNTMtYmUwNS1hMWRiMWM5NjJjNmYiLCJyb2xlcyI6WyJhZG1pbiJdLCJpYXQiOjE3NDM5ODg4MTksImV4cCI6MTc0Mzk5MjQxOX0.QcjJqpQtqyrql5gebp7ZHvDFr7Tw8DooYCvVlexfekA', '2025-04-07 10:20:20', '2025-04-07 09:20:20', '7eddd6ca-b564-4a53-be05-a1db1c962c6f');
INSERT INTO `user_access_token` (`id`, `value`, `expired_at`, `created_at`, `userId`) VALUES ('6f7c20a4-1510-4dfe-8fdb-1ced23f00cd8', 'eyJhbGciOiJIUzI1NiIsInR5cCI6IkpXVCJ9.eyJ1aWQiOiJhYzA5ZGFjNy1lMmU2LTQ0ZDQtODZjOC1mZTYxNDMwMWI0NDEiLCJyb2xlcyI6WyJ0ZXN0Il0sImlhdCI6MTc0MTE5MDk1NywiZXhwIjoxNzQxMTkyNzU3fQ.iOsSjAbUdqH8PQYePNZaYgczVS2z02IzOsDFh_zpGlw', '2025-03-06 00:39:18', '2025-03-06 00:09:18', 'ac09dac7-e2e6-44d4-86c8-fe614301b441');
INSERT INTO `user_access_token` (`id`, `value`, `expired_at`, `created_at`, `userId`) VALUES ('704714ee-bf0a-41cd-a49c-4907c4dec0e2', 'eyJhbGciOiJIUzI1NiIsInR5cCI6IkpXVCJ9.eyJ1aWQiOiJhYzA5ZGFjNy1lMmU2LTQ0ZDQtODZjOC1mZTYxNDMwMWI0NDEiLCJyb2xlcyI6WyJ0ZXN0Il0sImlhdCI6MTc0MTUxMDU4NiwiZXhwIjoxNzQxNTEyMzg2fQ.jlARDpPf9g_0sdXM6pEPQA5tmp6jXPluaRQGUClWCK4', '2025-03-09 17:26:26', '2025-03-09 16:56:26', 'ac09dac7-e2e6-44d4-86c8-fe614301b441');
INSERT INTO `user_access_token` (`id`, `value`, `expired_at`, `created_at`, `userId`) VALUES ('734b1b63-6074-4068-b8c3-cc0755a175d1', 'eyJhbGciOiJIUzI1NiIsInR5cCI6IkpXVCJ9.eyJ1aWQiOiJhYzA5ZGFjNy1lMmU2LTQ0ZDQtODZjOC1mZTYxNDMwMWI0NDEiLCJyb2xlcyI6WyJ0ZXN0Il0sImlhdCI6MTc0MjcxMzcxNCwiZXhwIjoxNzQyNzE3MzE0fQ.tK0otWHcb9hgrQYhaXLEw1JWMy_FL3AMfna1As8wKsw', '2025-03-23 16:08:35', '2025-03-23 15:08:35', 'ac09dac7-e2e6-44d4-86c8-fe614301b441');
INSERT INTO `user_access_token` (`id`, `value`, `expired_at`, `created_at`, `userId`) VALUES ('73cc8e3c-28e2-4044-9e84-9ffb07bed26d', 'eyJhbGciOiJIUzI1NiIsInR5cCI6IkpXVCJ9.eyJ1aWQiOiI3ZWRkZDZjYS1iNTY0LTRhNTMtYmUwNS1hMWRiMWM5NjJjNmYiLCJyb2xlcyI6WyJhZG1pbiJdLCJpYXQiOjE3NDI2OTQ3MDgsImV4cCI6MTc0MjY5ODMwOH0.IRWLtkoJ1Zi5-wLLsKvJIkVcBB5vVrtjCLSEP1OWugg', '2025-03-23 10:51:49', '2025-03-23 09:51:49', '7eddd6ca-b564-4a53-be05-a1db1c962c6f');
INSERT INTO `user_access_token` (`id`, `value`, `expired_at`, `created_at`, `userId`) VALUES ('745451bd-4b4c-43aa-baac-8a26da0c831a', 'eyJhbGciOiJIUzI1NiIsInR5cCI6IkpXVCJ9.eyJ1aWQiOiI3ZWRkZDZjYS1iNTY0LTRhNTMtYmUwNS1hMWRiMWM5NjJjNmYiLCJyb2xlcyI6WyJhZG1pbiJdLCJpYXQiOjE3NDM0NTMxODIsImV4cCI6MTc0MzQ1Njc4Mn0.Yn4m1SpZgK_jZi_V_nitiXHEXLadyL0AfaJ2Irywino', '2025-04-01 05:33:02', '2025-04-01 04:33:02', '7eddd6ca-b564-4a53-be05-a1db1c962c6f');
INSERT INTO `user_access_token` (`id`, `value`, `expired_at`, `created_at`, `userId`) VALUES ('74d327a4-c6b5-4c65-a922-8c62223dfc38', 'eyJhbGciOiJIUzI1NiIsInR5cCI6IkpXVCJ9.eyJ1aWQiOiI3ZWRkZDZjYS1iNTY0LTRhNTMtYmUwNS1hMWRiMWM5NjJjNmYiLCJyb2xlcyI6WyJhZG1pbiJdLCJpYXQiOjE3NDMzNDA5NjMsImV4cCI6MTc0MzM0NDU2M30.4HCyqPFnQ0LXbCtgnNQbGLZQu7Pkk-2D8MwhrUynvas', '2025-03-30 22:22:44', '2025-03-30 21:22:44', '7eddd6ca-b564-4a53-be05-a1db1c962c6f');
INSERT INTO `user_access_token` (`id`, `value`, `expired_at`, `created_at`, `userId`) VALUES ('7729205a-92f4-45de-8658-d11ecfa5a277', 'eyJhbGciOiJIUzI1NiIsInR5cCI6IkpXVCJ9.eyJ1aWQiOiI3ZWRkZDZjYS1iNTY0LTRhNTMtYmUwNS1hMWRiMWM5NjJjNmYiLCJyb2xlcyI6WyJhZG1pbiJdLCJpYXQiOjE3NDI0MzkzMjgsImV4cCI6MTc0MjUyNTcyOH0.VZHb3J8mmiNZetn0mxWdugo25xdekgpaOwUjdFYo76A', '2025-03-21 10:55:29', '2025-03-20 10:55:29', '7eddd6ca-b564-4a53-be05-a1db1c962c6f');
INSERT INTO `user_access_token` (`id`, `value`, `expired_at`, `created_at`, `userId`) VALUES ('77ba763e-6272-4320-9a16-406404a64aec', 'eyJhbGciOiJIUzI1NiIsInR5cCI6IkpXVCJ9.eyJ1aWQiOiI3ZWRkZDZjYS1iNTY0LTRhNTMtYmUwNS1hMWRiMWM5NjJjNmYiLCJyb2xlcyI6WyJhZG1pbiJdLCJpYXQiOjE3NDI5NTI1MjMsImV4cCI6MTc0Mjk1NjEyM30.hG5fiVkkBPrQygXDOj7C-4DoZqlKyxgNkX_F38AVbNs', '2025-03-26 10:28:44', '2025-03-26 09:28:44', '7eddd6ca-b564-4a53-be05-a1db1c962c6f');
INSERT INTO `user_access_token` (`id`, `value`, `expired_at`, `created_at`, `userId`) VALUES ('78841234-de66-463d-b397-5f800fbaf720', 'eyJhbGciOiJIUzI1NiIsInR5cCI6IkpXVCJ9.eyJ1aWQiOiI3ZWRkZDZjYS1iNTY0LTRhNTMtYmUwNS1hMWRiMWM5NjJjNmYiLCJyb2xlcyI6WyJhZG1pbiJdLCJpYXQiOjE3NDM2NjQzNTAsImV4cCI6MTc0MzY2Nzk1MH0.bkUd6lbAYithzSsBNEwtR8o6zf6gaIGXtN_spTgNZqY', '2025-04-03 16:12:31', '2025-04-03 15:12:31', '7eddd6ca-b564-4a53-be05-a1db1c962c6f');
INSERT INTO `user_access_token` (`id`, `value`, `expired_at`, `created_at`, `userId`) VALUES ('78b0b229-2ef8-4830-8465-7138aa5ca565', 'eyJhbGciOiJIUzI1NiIsInR5cCI6IkpXVCJ9.eyJ1aWQiOiI3ZWRkZDZjYS1iNTY0LTRhNTMtYmUwNS1hMWRiMWM5NjJjNmYiLCJyb2xlcyI6WyJhZG1pbiJdLCJpYXQiOjE3NDM2Njc0MTgsImV4cCI6MTc0MzY3MTAxOH0.BLGpjLwuBZTADANra5za-VrRDAfGsM0WQ5dA0CF2LQ0', '2025-04-03 17:03:38', '2025-04-03 16:03:38', '7eddd6ca-b564-4a53-be05-a1db1c962c6f');
INSERT INTO `user_access_token` (`id`, `value`, `expired_at`, `created_at`, `userId`) VALUES ('7a155f83-9144-4b26-a94b-c93441ec92f8', 'eyJhbGciOiJIUzI1NiIsInR5cCI6IkpXVCJ9.eyJ1aWQiOiI3ZWRkZDZjYS1iNTY0LTRhNTMtYmUwNS1hMWRiMWM5NjJjNmYiLCJyb2xlcyI6WyJhZG1pbiJdLCJpYXQiOjE3NDQwMTk0MDEsImV4cCI6MTc0NDAyMzAwMX0.kclq7LJSvJv58rZPH7Izd8JmzF0TGirI0e4GuZvDYYg', '2025-04-07 18:50:01', '2025-04-07 17:50:01', '7eddd6ca-b564-4a53-be05-a1db1c962c6f');
INSERT INTO `user_access_token` (`id`, `value`, `expired_at`, `created_at`, `userId`) VALUES ('7d53fb25-351d-470c-bed6-b1fbb761b8c6', 'eyJhbGciOiJIUzI1NiIsInR5cCI6IkpXVCJ9.eyJ1aWQiOiI0YzUxYjMyMS1kZWRiLTQxMTAtODI3ZC1jY2JjZDgzYjU4NjciLCJyb2xlcyI6WyJndWVzdCJdLCJpYXQiOjE3NDM3NDM4NzcsImV4cCI6MTc0Mzc0NzQ3N30.A-k2UMC6Vd1css3bRKoNkS77DJyIh2QuXuhuxfydmIQ', '2025-04-04 14:17:57', '2025-04-04 13:17:57', '4c51b321-dedb-4110-827d-ccbcd83b5867');
INSERT INTO `user_access_token` (`id`, `value`, `expired_at`, `created_at`, `userId`) VALUES ('7ee7e6cb-1269-422c-a0b2-3412866eec05', 'eyJhbGciOiJIUzI1NiIsInR5cCI6IkpXVCJ9.eyJ1aWQiOiI3ZWRkZDZjYS1iNTY0LTRhNTMtYmUwNS1hMWRiMWM5NjJjNmYiLCJyb2xlcyI6WyJhZG1pbiJdLCJpYXQiOjE3NDM2NDU4MDEsImV4cCI6MTc0MzY0OTQwMX0.CQoxpgTbxsasVhPrMBe7p4gdcIElAfQztQM5UllYL7E', '2025-04-03 11:03:22', '2025-04-03 10:03:22', '7eddd6ca-b564-4a53-be05-a1db1c962c6f');
INSERT INTO `user_access_token` (`id`, `value`, `expired_at`, `created_at`, `userId`) VALUES ('82664570-fd38-4b18-96c9-837b8ab4fdc1', 'eyJhbGciOiJIUzI1NiIsInR5cCI6IkpXVCJ9.eyJ1aWQiOiI3ZWRkZDZjYS1iNTY0LTRhNTMtYmUwNS1hMWRiMWM5NjJjNmYiLCJyb2xlcyI6WyJhZG1pbiJdLCJpYXQiOjE3NDIyMzE5NjIsImV4cCI6MTc0MjMxODM2Mn0.Bw0_H9pafofyITsoDYm8oX9kWa9rz9YtHpLF6hSILRo', '2025-03-19 01:19:23', '2025-03-18 01:19:23', '7eddd6ca-b564-4a53-be05-a1db1c962c6f');
INSERT INTO `user_access_token` (`id`, `value`, `expired_at`, `created_at`, `userId`) VALUES ('84b4f5a3-a684-4ab6-a03f-d5ee3fb252ba', 'eyJhbGciOiJIUzI1NiIsInR5cCI6IkpXVCJ9.eyJ1aWQiOiI3ZWRkZDZjYS1iNTY0LTRhNTMtYmUwNS1hMWRiMWM5NjJjNmYiLCJyb2xlcyI6WyJhZG1pbiJdLCJpYXQiOjE3NDM1ODA2MjEsImV4cCI6MTc0MzU4NDIyMX0.WAaAttjivOwivZl9bCEauEQkajmY6BIKBowOzCdkKGA', '2025-04-02 16:57:02', '2025-04-02 15:57:02', '7eddd6ca-b564-4a53-be05-a1db1c962c6f');
INSERT INTO `user_access_token` (`id`, `value`, `expired_at`, `created_at`, `userId`) VALUES ('87624400-0e7f-4815-81e0-543db4acf3d3', 'eyJhbGciOiJIUzI1NiIsInR5cCI6IkpXVCJ9.eyJ1aWQiOiI3ZWRkZDZjYS1iNTY0LTRhNTMtYmUwNS1hMWRiMWM5NjJjNmYiLCJyb2xlcyI6WyJhZG1pbiJdLCJpYXQiOjE3NDM0NzAzMTMsImV4cCI6MTc0MzQ3MzkxM30.ora9rPFr2jVkcl4P0r3Sgsf7rTb53Vg9HeqyoZJLRDw', '2025-04-01 10:18:34', '2025-04-01 09:18:34', '7eddd6ca-b564-4a53-be05-a1db1c962c6f');
INSERT INTO `user_access_token` (`id`, `value`, `expired_at`, `created_at`, `userId`) VALUES ('89e4bf8b-2b3d-471a-b97d-3170cb9906c7', 'eyJhbGciOiJIUzI1NiIsInR5cCI6IkpXVCJ9.eyJ1aWQiOiJhYzA5ZGFjNy1lMmU2LTQ0ZDQtODZjOC1mZTYxNDMwMWI0NDEiLCJyb2xlcyI6WyJ0ZXN0Il0sImlhdCI6MTc0MTA5NDIxMiwiZXhwIjoxNzQxMDk2MDEyfQ.63FDuOt6EN1fiHBiqxyksF0I2W-OlL6omloaW2NUjWo', '2025-03-04 21:46:53', '2025-03-04 21:16:53', 'ac09dac7-e2e6-44d4-86c8-fe614301b441');
INSERT INTO `user_access_token` (`id`, `value`, `expired_at`, `created_at`, `userId`) VALUES ('8a4da557-dfe3-4713-aa14-22c265db4f7a', 'eyJhbGciOiJIUzI1NiIsInR5cCI6IkpXVCJ9.eyJ1aWQiOiI3ZWRkZDZjYS1iNTY0LTRhNTMtYmUwNS1hMWRiMWM5NjJjNmYiLCJyb2xlcyI6WyJhZG1pbiJdLCJpYXQiOjE3NDM3NjI0MjYsImV4cCI6MTc0Mzc2NjAyNn0.a_RkcME4QYqyHwGV_tLIiAEaRc9HSkBy2D1eHXA52H0', '2025-04-04 19:27:07', '2025-04-04 18:27:07', '7eddd6ca-b564-4a53-be05-a1db1c962c6f');
INSERT INTO `user_access_token` (`id`, `value`, `expired_at`, `created_at`, `userId`) VALUES ('8c46680e-513d-4317-83b8-3c5846bfcc14', 'eyJhbGciOiJIUzI1NiIsInR5cCI6IkpXVCJ9.eyJ1aWQiOiI3ZWRkZDZjYS1iNTY0LTRhNTMtYmUwNS1hMWRiMWM5NjJjNmYiLCJyb2xlcyI6WyJhZG1pbiJdLCJpYXQiOjE3NDM1OTkyNDYsImV4cCI6MTc0MzYwMjg0Nn0.BiBZ7VY79AqT8dIGVREaToKFS_WSID6VICONi6ilkec', '2025-04-02 22:07:26', '2025-04-02 21:07:26', '7eddd6ca-b564-4a53-be05-a1db1c962c6f');
INSERT INTO `user_access_token` (`id`, `value`, `expired_at`, `created_at`, `userId`) VALUES ('8fc35fc9-5f33-4e9d-9cac-97a05da2b70e', 'eyJhbGciOiJIUzI1NiIsInR5cCI6IkpXVCJ9.eyJ1aWQiOiI3ZWRkZDZjYS1iNTY0LTRhNTMtYmUwNS1hMWRiMWM5NjJjNmYiLCJyb2xlcyI6WyJhZG1pbiJdLCJpYXQiOjE3NDMxNDgyODYsImV4cCI6MTc0MzE1MTg4Nn0.swDMbMgfRGmNAVNkBPPh0rMh9rIw92KKAEFrnVPPYYo', '2025-03-28 16:51:27', '2025-03-28 15:51:27', '7eddd6ca-b564-4a53-be05-a1db1c962c6f');
INSERT INTO `user_access_token` (`id`, `value`, `expired_at`, `created_at`, `userId`) VALUES ('90a282df-80d2-45b6-9299-b65ea0273b2c', 'eyJhbGciOiJIUzI1NiIsInR5cCI6IkpXVCJ9.eyJ1aWQiOiI3ZWRkZDZjYS1iNTY0LTRhNTMtYmUwNS1hMWRiMWM5NjJjNmYiLCJyb2xlcyI6WyJhZG1pbiJdLCJpYXQiOjE3NDMxMzAyNjMsImV4cCI6MTc0MzEzMzg2M30.4Q97PkGnGHp6X0mvPFa4NoldzqYURiA6fO4Bejea6cI', '2025-03-28 11:51:04', '2025-03-28 10:51:04', '7eddd6ca-b564-4a53-be05-a1db1c962c6f');
INSERT INTO `user_access_token` (`id`, `value`, `expired_at`, `created_at`, `userId`) VALUES ('90d0bcad-23ad-42b7-b740-ab2859cf7d9d', 'eyJhbGciOiJIUzI1NiIsInR5cCI6IkpXVCJ9.eyJ1aWQiOiI3ZWRkZDZjYS1iNTY0LTRhNTMtYmUwNS1hMWRiMWM5NjJjNmYiLCJyb2xlcyI6WyJhZG1pbiJdLCJpYXQiOjE3NDQxMTMwODMsImV4cCI6MTc0NDExNjY4M30.oDMk4EfWsvXJEhx1oUMMiHPI6J4ioIhVeW50Gu256aw', '2025-04-08 20:51:24', '2025-04-08 19:51:24', '7eddd6ca-b564-4a53-be05-a1db1c962c6f');
INSERT INTO `user_access_token` (`id`, `value`, `expired_at`, `created_at`, `userId`) VALUES ('926081c7-b5a8-42f7-8ded-408612c7d7de', 'eyJhbGciOiJIUzI1NiIsInR5cCI6IkpXVCJ9.eyJ1aWQiOiI3ZWRkZDZjYS1iNTY0LTRhNTMtYmUwNS1hMWRiMWM5NjJjNmYiLCJyb2xlcyI6WyJhZG1pbiJdLCJpYXQiOjE3NDM1NzYxMzEsImV4cCI6MTc0MzU3OTczMX0.hS9uT4CnUXUUBda6Ja0olp1vTw4MQnF2LnoS5sFDj28', '2025-04-02 15:42:11', '2025-04-02 14:42:11', '7eddd6ca-b564-4a53-be05-a1db1c962c6f');
INSERT INTO `user_access_token` (`id`, `value`, `expired_at`, `created_at`, `userId`) VALUES ('96ba671d-1bfa-4890-8627-6a705db5ad63', 'eyJhbGciOiJIUzI1NiIsInR5cCI6IkpXVCJ9.eyJ1aWQiOiI3ZWRkZDZjYS1iNTY0LTRhNTMtYmUwNS1hMWRiMWM5NjJjNmYiLCJyb2xlcyI6WyJhZG1pbiJdLCJpYXQiOjE3NDQwMTUwNTUsImV4cCI6MTc0NDAxODY1NX0.LBIr7mwWeSnw82lS7YmKE9Y8LkZk9e0pKY-qNEQwFPI', '2025-04-07 17:37:36', '2025-04-07 16:37:36', '7eddd6ca-b564-4a53-be05-a1db1c962c6f');
INSERT INTO `user_access_token` (`id`, `value`, `expired_at`, `created_at`, `userId`) VALUES ('96fc7eb4-b4ad-4af2-af9d-9baca88552f2', 'eyJhbGciOiJIUzI1NiIsInR5cCI6IkpXVCJ9.eyJ1aWQiOiI3ZWRkZDZjYS1iNTY0LTRhNTMtYmUwNS1hMWRiMWM5NjJjNmYiLCJyb2xlcyI6WyJhZG1pbiJdLCJpYXQiOjE3NDM5NTE3MzksImV4cCI6MTc0Mzk1NTMzOX0.z4t7SYRIZozCyAu9sDyTRRp_IjgVh6MSBkEQvObSuBw', '2025-04-07 00:02:20', '2025-04-06 23:02:20', '7eddd6ca-b564-4a53-be05-a1db1c962c6f');
INSERT INTO `user_access_token` (`id`, `value`, `expired_at`, `created_at`, `userId`) VALUES ('978b26a0-08b6-412d-b136-6b99cccf8e25', 'eyJhbGciOiJIUzI1NiIsInR5cCI6IkpXVCJ9.eyJ1aWQiOiI3ZWRkZDZjYS1iNTY0LTRhNTMtYmUwNS1hMWRiMWM5NjJjNmYiLCJyb2xlcyI6WyJhZG1pbiJdLCJpYXQiOjE3NDI3OTg1NTYsImV4cCI6MTc0MjgwMjE1Nn0.RgzcHdyZOIstbv7RHzZ6VMPNN7_vsDlaQAZfte3a3_4', '2025-03-24 15:42:37', '2025-03-24 14:42:37', '7eddd6ca-b564-4a53-be05-a1db1c962c6f');
INSERT INTO `user_access_token` (`id`, `value`, `expired_at`, `created_at`, `userId`) VALUES ('99b232f8-da86-463c-841d-d2077360d87b', 'eyJhbGciOiJIUzI1NiIsInR5cCI6IkpXVCJ9.eyJ1aWQiOiJhYzA5ZGFjNy1lMmU2LTQ0ZDQtODZjOC1mZTYxNDMwMWI0NDEiLCJyb2xlcyI6WyJ0ZXN0Il0sImlhdCI6MTc0MjcwNzgzOCwiZXhwIjoxNzQyNzExNDM4fQ.9mDrn6Afi7a7Gwv1OGkCoJ9lRtsUslZi2qk0X89Q7C4', '2025-03-23 14:30:39', '2025-03-23 13:30:39', 'ac09dac7-e2e6-44d4-86c8-fe614301b441');
INSERT INTO `user_access_token` (`id`, `value`, `expired_at`, `created_at`, `userId`) VALUES ('9d737e8d-2c34-4b1b-87ee-10a3432a53e9', 'eyJhbGciOiJIUzI1NiIsInR5cCI6IkpXVCJ9.eyJ1aWQiOiI3ZWRkZDZjYS1iNTY0LTRhNTMtYmUwNS1hMWRiMWM5NjJjNmYiLCJyb2xlcyI6WyJhZG1pbiJdLCJpYXQiOjE3NDM3NzMwMTgsImV4cCI6MTc0Mzc3NjYxOH0.flDHv5Nai94aUlhVgvxQOBH0xT0heVU3y0qlqLTrYvk', '2025-04-04 22:23:39', '2025-04-04 21:23:39', '7eddd6ca-b564-4a53-be05-a1db1c962c6f');
INSERT INTO `user_access_token` (`id`, `value`, `expired_at`, `created_at`, `userId`) VALUES ('9ede44ca-3250-4072-ba9e-89458581dbc9', 'eyJhbGciOiJIUzI1NiIsInR5cCI6IkpXVCJ9.eyJ1aWQiOiI3ZWRkZDZjYS1iNTY0LTRhNTMtYmUwNS1hMWRiMWM5NjJjNmYiLCJyb2xlcyI6WyJhZG1pbiJdLCJpYXQiOjE3NDI0NDA3NTcsImV4cCI6MTc0MjUyNzE1N30.UUrDt9hulrYb8Vs_DVHi3qn1BfvN6DnKeFGEHI8G0rE', '2025-03-21 11:19:18', '2025-03-20 11:19:18', '7eddd6ca-b564-4a53-be05-a1db1c962c6f');
INSERT INTO `user_access_token` (`id`, `value`, `expired_at`, `created_at`, `userId`) VALUES ('9f2f5bbb-630b-45ce-83ee-aa676f065146', 'eyJhbGciOiJIUzI1NiIsInR5cCI6IkpXVCJ9.eyJ1aWQiOiI3ZWRkZDZjYS1iNTY0LTRhNTMtYmUwNS1hMWRiMWM5NjJjNmYiLCJyb2xlcyI6WyJhZG1pbiJdLCJpYXQiOjE3NDIyODgwMzEsImV4cCI6MTc0MjM3NDQzMX0.-Ygc2JZ0aY2zzBAXcJtB-1JB4ly7euHi-etXbt_Zesc', '2025-03-19 16:53:52', '2025-03-18 16:53:52', '7eddd6ca-b564-4a53-be05-a1db1c962c6f');
INSERT INTO `user_access_token` (`id`, `value`, `expired_at`, `created_at`, `userId`) VALUES ('a243c01c-c4b3-4c07-ba44-55550bc3ce29', 'eyJhbGciOiJIUzI1NiIsInR5cCI6IkpXVCJ9.eyJ1aWQiOiI3ZWRkZDZjYS1iNTY0LTRhNTMtYmUwNS1hMWRiMWM5NjJjNmYiLCJyb2xlcyI6WyJhZG1pbiJdLCJpYXQiOjE3NDM2NDA3MDEsImV4cCI6MTc0MzY0NDMwMX0.q9gO3GX-3uj5K3uqhh8zmCcnPoiNKSwaXbajxZmSm0M', '2025-04-03 09:38:21', '2025-04-03 08:38:21', '7eddd6ca-b564-4a53-be05-a1db1c962c6f');
INSERT INTO `user_access_token` (`id`, `value`, `expired_at`, `created_at`, `userId`) VALUES ('a2ffb6e4-715c-4870-9ac7-7c7ba64f7b1d', 'eyJhbGciOiJIUzI1NiIsInR5cCI6IkpXVCJ9.eyJ1aWQiOiI3ZWRkZDZjYS1iNTY0LTRhNTMtYmUwNS1hMWRiMWM5NjJjNmYiLCJyb2xlcyI6WyJhZG1pbiJdLCJpYXQiOjE3NDIyNzYyNDgsImV4cCI6MTc0MjM2MjY0OH0.gW8zuwcSvYzuRx5JSyRcwrvldspZi_g8wmSF6b-sCso', '2025-03-19 13:37:29', '2025-03-18 13:37:29', '7eddd6ca-b564-4a53-be05-a1db1c962c6f');
INSERT INTO `user_access_token` (`id`, `value`, `expired_at`, `created_at`, `userId`) VALUES ('a3c8b6ef-7a0b-499d-8086-a6d2dc66f691', 'eyJhbGciOiJIUzI1NiIsInR5cCI6IkpXVCJ9.eyJ1aWQiOiI3ZWRkZDZjYS1iNTY0LTRhNTMtYmUwNS1hMWRiMWM5NjJjNmYiLCJyb2xlcyI6WyJhZG1pbiJdLCJpYXQiOjE3NDI4ODA5NzQsImV4cCI6MTc0Mjg4NDU3NH0.Yp6oXGEqNmk874SI7F-KC_u-QJkdXUiP87qq4dWlgjY', '2025-03-25 14:36:15', '2025-03-25 13:36:15', '7eddd6ca-b564-4a53-be05-a1db1c962c6f');
INSERT INTO `user_access_token` (`id`, `value`, `expired_at`, `created_at`, `userId`) VALUES ('a43ba65c-95d5-4769-8496-f5b9cd1261ae', 'eyJhbGciOiJIUzI1NiIsInR5cCI6IkpXVCJ9.eyJ1aWQiOiI3ZWRkZDZjYS1iNTY0LTRhNTMtYmUwNS1hMWRiMWM5NjJjNmYiLCJyb2xlcyI6WyJhZG1pbiJdLCJpYXQiOjE3NDM0NzI3MzksImV4cCI6MTc0MzQ3NjMzOX0.Hfrzy7AygPY6jFs4tgWmdpMmcSjfgHWOrfkKOVtKMjE', '2025-04-01 10:59:00', '2025-04-01 09:59:00', '7eddd6ca-b564-4a53-be05-a1db1c962c6f');
INSERT INTO `user_access_token` (`id`, `value`, `expired_at`, `created_at`, `userId`) VALUES ('a5bc2d41-1ad9-41de-94be-20af446fbb5f', 'eyJhbGciOiJIUzI1NiIsInR5cCI6IkpXVCJ9.eyJ1aWQiOiI3ZWRkZDZjYS1iNTY0LTRhNTMtYmUwNS1hMWRiMWM5NjJjNmYiLCJyb2xlcyI6WyJhZG1pbiJdLCJpYXQiOjE3NDMzNDI5NTYsImV4cCI6MTc0MzM0NjU1Nn0.7ctBK-VvyUPjqirqBWg9qRE_5PUNWLPPa68oFOHb3gM', '2025-03-30 22:55:57', '2025-03-30 21:55:57', '7eddd6ca-b564-4a53-be05-a1db1c962c6f');
INSERT INTO `user_access_token` (`id`, `value`, `expired_at`, `created_at`, `userId`) VALUES ('a657ef7b-e544-4a1c-92aa-b4f276f5b313', 'eyJhbGciOiJIUzI1NiIsInR5cCI6IkpXVCJ9.eyJ1aWQiOiI3ZWRkZDZjYS1iNTY0LTRhNTMtYmUwNS1hMWRiMWM5NjJjNmYiLCJyb2xlcyI6WyJhZG1pbiJdLCJpYXQiOjE3NDM2Njc0MTgsImV4cCI6MTc0MzY3MTAxOH0.BLGpjLwuBZTADANra5za-VrRDAfGsM0WQ5dA0CF2LQ0', '2025-04-03 17:03:38', '2025-04-03 16:03:38', '7eddd6ca-b564-4a53-be05-a1db1c962c6f');
INSERT INTO `user_access_token` (`id`, `value`, `expired_at`, `created_at`, `userId`) VALUES ('a7780942-d13b-4d38-9f80-ca876ac8f8ab', 'eyJhbGciOiJIUzI1NiIsInR5cCI6IkpXVCJ9.eyJ1aWQiOiI3ZWRkZDZjYS1iNTY0LTRhNTMtYmUwNS1hMWRiMWM5NjJjNmYiLCJyb2xlcyI6WyJhZG1pbiJdLCJpYXQiOjE3NDQxMjM1NjAsImV4cCI6MTc0NDEyNzE2MH0.QhDcnJh7U0Fy95VIaMPEzaY1LkLHt0d-xFpqAAeSlPg', '2025-04-08 23:46:00', '2025-04-08 22:46:00', '7eddd6ca-b564-4a53-be05-a1db1c962c6f');
INSERT INTO `user_access_token` (`id`, `value`, `expired_at`, `created_at`, `userId`) VALUES ('a7e13207-ffe8-4c19-bf24-38306b93f747', 'eyJhbGciOiJIUzI1NiIsInR5cCI6IkpXVCJ9.eyJ1aWQiOiI3ZWRkZDZjYS1iNTY0LTRhNTMtYmUwNS1hMWRiMWM5NjJjNmYiLCJyb2xlcyI6WyJhZG1pbiJdLCJpYXQiOjE3NDI3MDc1ODMsImV4cCI6MTc0MjcxMTE4M30.QGLj43oYrVxFkVc6uUrUUDwTDsKhJP7PK6evJqBrHt8', '2025-03-23 14:26:24', '2025-03-23 13:26:24', '7eddd6ca-b564-4a53-be05-a1db1c962c6f');
INSERT INTO `user_access_token` (`id`, `value`, `expired_at`, `created_at`, `userId`) VALUES ('aa400d73-0064-4913-9458-5eb629301bb0', 'eyJhbGciOiJIUzI1NiIsInR5cCI6IkpXVCJ9.eyJ1aWQiOiI3ZWRkZDZjYS1iNTY0LTRhNTMtYmUwNS1hMWRiMWM5NjJjNmYiLCJyb2xlcyI6WyJhZG1pbiJdLCJpYXQiOjE3NDQwMDkxMDYsImV4cCI6MTc0NDAxMjcwNn0.TajgyraQnW4mqVduFeCLO7Ci09k9K2kfjBV0f45WJAA', '2025-04-07 15:58:27', '2025-04-07 14:58:27', '7eddd6ca-b564-4a53-be05-a1db1c962c6f');
INSERT INTO `user_access_token` (`id`, `value`, `expired_at`, `created_at`, `userId`) VALUES ('aaf6aef0-7a9d-422b-8c73-7c0b2243fc64', 'eyJhbGciOiJIUzI1NiIsInR5cCI6IkpXVCJ9.eyJ1aWQiOiI3ZWRkZDZjYS1iNTY0LTRhNTMtYmUwNS1hMWRiMWM5NjJjNmYiLCJyb2xlcyI6WyJhZG1pbiJdLCJpYXQiOjE3NDM3ODQyNzgsImV4cCI6MTc0Mzc4Nzg3OH0.ePLPElShHIQV-xts52Ci2Jk5u4VpOC2p7QSp55Mxp30', '2025-04-05 01:31:18', '2025-04-05 00:31:18', '7eddd6ca-b564-4a53-be05-a1db1c962c6f');
INSERT INTO `user_access_token` (`id`, `value`, `expired_at`, `created_at`, `userId`) VALUES ('abe3ab5a-bdb3-4a04-9c92-d31bdb39050b', 'eyJhbGciOiJIUzI1NiIsInR5cCI6IkpXVCJ9.eyJ1aWQiOiI3ZWRkZDZjYS1iNTY0LTRhNTMtYmUwNS1hMWRiMWM5NjJjNmYiLCJyb2xlcyI6WyJhZG1pbiJdLCJpYXQiOjE3NDM2NTkwMTMsImV4cCI6MTc0MzY2MjYxM30.NmBQ351jTI5Qyaq3lsjNYjP0lseyS54SqM1Hcl6Iuj4', '2025-04-03 14:43:33', '2025-04-03 13:43:33', '7eddd6ca-b564-4a53-be05-a1db1c962c6f');
INSERT INTO `user_access_token` (`id`, `value`, `expired_at`, `created_at`, `userId`) VALUES ('ac120602-caa0-4d19-a09c-3489e168239c', 'eyJhbGciOiJIUzI1NiIsInR5cCI6IkpXVCJ9.eyJ1aWQiOiJhYzA5ZGFjNy1lMmU2LTQ0ZDQtODZjOC1mZTYxNDMwMWI0NDEiLCJyb2xlcyI6WyJ0ZXN0Il0sImlhdCI6MTc0MDg0MjYxNywiZXhwIjoxNzQwODQ0NDE3fQ.D-4wPsUiggnCNgoFaJG4Ts2IMK56THkUPHK3dRLuUBI', '2025-03-01 23:53:37', '2025-03-01 23:23:37', 'ac09dac7-e2e6-44d4-86c8-fe614301b441');
INSERT INTO `user_access_token` (`id`, `value`, `expired_at`, `created_at`, `userId`) VALUES ('ad3f915d-0fa9-4677-bd10-8bd53e37d3c4', 'eyJhbGciOiJIUzI1NiIsInR5cCI6IkpXVCJ9.eyJ1aWQiOiI3ZWRkZDZjYS1iNTY0LTRhNTMtYmUwNS1hMWRiMWM5NjJjNmYiLCJyb2xlcyI6WyJhZG1pbiJdLCJpYXQiOjE3NDI1NzQ5MDUsImV4cCI6MTc0MjU3ODUwNX0.fZPUOCSAwGu2SYuz0lP8kT7DZYoZittSv6B2NSfkACg', '2025-03-22 01:35:05', '2025-03-22 00:35:05', '7eddd6ca-b564-4a53-be05-a1db1c962c6f');
INSERT INTO `user_access_token` (`id`, `value`, `expired_at`, `created_at`, `userId`) VALUES ('ae77130b-f636-4820-89d6-a6489b6e02d1', 'eyJhbGciOiJIUzI1NiIsInR5cCI6IkpXVCJ9.eyJ1aWQiOiI3ZWRkZDZjYS1iNTY0LTRhNTMtYmUwNS1hMWRiMWM5NjJjNmYiLCJyb2xlcyI6WyJhZG1pbiJdLCJpYXQiOjE3NDI4Njc3NTQsImV4cCI6MTc0Mjg3MTM1NH0.pi4nExIuEs2M7MmQyOHxP8QUA24YgCcQVZUfvWydmZc', '2025-03-25 10:55:54', '2025-03-25 09:55:54', '7eddd6ca-b564-4a53-be05-a1db1c962c6f');
INSERT INTO `user_access_token` (`id`, `value`, `expired_at`, `created_at`, `userId`) VALUES ('aedd1d5c-28f2-4cf9-a11a-07631806aa49', 'eyJhbGciOiJIUzI1NiIsInR5cCI6IkpXVCJ9.eyJ1aWQiOiI3ZWRkZDZjYS1iNTY0LTRhNTMtYmUwNS1hMWRiMWM5NjJjNmYiLCJyb2xlcyI6WyJhZG1pbiJdLCJpYXQiOjE3NDI4NjUxNTQsImV4cCI6MTc0Mjg2ODc1NH0.zSKgPddxXBOTn6REkcd69g19zXE1M0povZKVf8pWi64', '2025-03-25 10:12:34', '2025-03-25 09:12:34', '7eddd6ca-b564-4a53-be05-a1db1c962c6f');
INSERT INTO `user_access_token` (`id`, `value`, `expired_at`, `created_at`, `userId`) VALUES ('af9fb985-408c-454b-b5a9-52d2e77b9b1e', 'eyJhbGciOiJIUzI1NiIsInR5cCI6IkpXVCJ9.eyJ1aWQiOiI0YzUxYjMyMS1kZWRiLTQxMTAtODI3ZC1jY2JjZDgzYjU4NjciLCJyb2xlcyI6WyJndWVzdCJdLCJpYXQiOjE3NDM1ODYwOTQsImV4cCI6MTc0MzU4OTY5NH0.wvpA86wxs6pk_BRv51CGvTl7qW3K6zkLt4AKvnHuqPg', '2025-04-02 18:28:14', '2025-04-02 17:28:14', '4c51b321-dedb-4110-827d-ccbcd83b5867');
INSERT INTO `user_access_token` (`id`, `value`, `expired_at`, `created_at`, `userId`) VALUES ('b2423c3b-f9d0-4c55-bbdd-7c40d0095006', 'eyJhbGciOiJIUzI1NiIsInR5cCI6IkpXVCJ9.eyJ1aWQiOiI3ZWRkZDZjYS1iNTY0LTRhNTMtYmUwNS1hMWRiMWM5NjJjNmYiLCJyb2xlcyI6WyJhZG1pbiJdLCJpYXQiOjE3NDI3MDk0OTgsImV4cCI6MTc0MjcxMzA5OH0.GG21f0K0bfvpyBg56ynWl4VUeVp9dBhR-ZZY7TMzv1U', '2025-03-23 14:58:18', '2025-03-23 13:58:18', '7eddd6ca-b564-4a53-be05-a1db1c962c6f');
INSERT INTO `user_access_token` (`id`, `value`, `expired_at`, `created_at`, `userId`) VALUES ('b28bd3cd-39fe-4ce0-a84b-1522b3f93534', 'eyJhbGciOiJIUzI1NiIsInR5cCI6IkpXVCJ9.eyJ1aWQiOiI3ZWRkZDZjYS1iNTY0LTRhNTMtYmUwNS1hMWRiMWM5NjJjNmYiLCJyb2xlcyI6WyJhZG1pbiJdLCJpYXQiOjE3NDI4OTA3MjgsImV4cCI6MTc0Mjg5NDMyOH0.KnKduFOkheWAFxmVch6RM-AQSLssFHwtvoEvc8qf5JA', '2025-03-25 17:18:48', '2025-03-25 16:18:48', '7eddd6ca-b564-4a53-be05-a1db1c962c6f');
INSERT INTO `user_access_token` (`id`, `value`, `expired_at`, `created_at`, `userId`) VALUES ('b530e0a4-ebd3-4198-b172-3dc6bcf7405c', 'eyJhbGciOiJIUzI1NiIsInR5cCI6IkpXVCJ9.eyJ1aWQiOiI3ZWRkZDZjYS1iNTY0LTRhNTMtYmUwNS1hMWRiMWM5NjJjNmYiLCJyb2xlcyI6WyJhZG1pbiJdLCJpYXQiOjE3NDIxMzk4MTIsImV4cCI6MTc0MjE0MTYxMn0.AYuRddUe3-9MxjDtLpBR215HycAhxfFTI4Msy8SV2sQ', '2025-03-17 00:13:32', '2025-03-16 23:43:32', '7eddd6ca-b564-4a53-be05-a1db1c962c6f');
INSERT INTO `user_access_token` (`id`, `value`, `expired_at`, `created_at`, `userId`) VALUES ('ba04f7df-34db-4b4d-b99e-af887187a4c5', 'eyJhbGciOiJIUzI1NiIsInR5cCI6IkpXVCJ9.eyJ1aWQiOiI3ZWRkZDZjYS1iNTY0LTRhNTMtYmUwNS1hMWRiMWM5NjJjNmYiLCJyb2xlcyI6WyJhZG1pbiJdLCJpYXQiOjE3NDIzMTkzMDUsImV4cCI6MTc0MjMyMTEwNX0.J0kaUpRFAO30zDbPDNJtIARlkYfQ4MpYaR0d7FQGSVE', '2025-03-19 02:05:05', '2025-03-19 01:35:05', '7eddd6ca-b564-4a53-be05-a1db1c962c6f');
INSERT INTO `user_access_token` (`id`, `value`, `expired_at`, `created_at`, `userId`) VALUES ('bf3f415a-c8c4-44f5-b6db-b806559b2a18', 'eyJhbGciOiJIUzI1NiIsInR5cCI6IkpXVCJ9.eyJ1aWQiOiJhYzA5ZGFjNy1lMmU2LTQ0ZDQtODZjOC1mZTYxNDMwMWI0NDEiLCJyb2xlcyI6WyJ0ZXN0Il0sImlhdCI6MTc0MTAwOTI5NCwiZXhwIjoxNzQxMDExMDk0fQ.Ga7K0LqYBQOpu1NnFne5k0AIWmaeLlHYMQcIHBrnSZk', '2025-03-03 22:11:35', '2025-03-03 21:41:35', 'ac09dac7-e2e6-44d4-86c8-fe614301b441');
INSERT INTO `user_access_token` (`id`, `value`, `expired_at`, `created_at`, `userId`) VALUES ('c06e2094-2853-4842-9e52-9a35e5aad2c1', 'eyJhbGciOiJIUzI1NiIsInR5cCI6IkpXVCJ9.eyJ1aWQiOiI3ZWRkZDZjYS1iNTY0LTRhNTMtYmUwNS1hMWRiMWM5NjJjNmYiLCJyb2xlcyI6WyJhZG1pbiJdLCJpYXQiOjE3NDQwNzQxNjUsImV4cCI6MTc0NDA3Nzc2NX0.NsCCrdZhmJyk1S4DCY3-Njm5dElDsXSzcdDAfzPYG9k', '2025-04-08 10:02:45', '2025-04-08 09:02:45', '7eddd6ca-b564-4a53-be05-a1db1c962c6f');
INSERT INTO `user_access_token` (`id`, `value`, `expired_at`, `created_at`, `userId`) VALUES ('c4c7cfdd-b6cf-47f5-a585-92fd71501c13', 'eyJhbGciOiJIUzI1NiIsInR5cCI6IkpXVCJ9.eyJ1aWQiOiI0YzUxYjMyMS1kZWRiLTQxMTAtODI3ZC1jY2JjZDgzYjU4NjciLCJyb2xlcyI6WyJndWVzdCJdLCJpYXQiOjE3NDI3MTAxMjUsImV4cCI6MTc0MjcxMzcyNX0.sLjGqHU2mDQ7qoR30imaYPe8SzYOA0OXLARc_QN38Qk', '2025-03-23 15:08:46', '2025-03-23 14:08:46', '4c51b321-dedb-4110-827d-ccbcd83b5867');
INSERT INTO `user_access_token` (`id`, `value`, `expired_at`, `created_at`, `userId`) VALUES ('c4ca68da-bd19-42b0-a3b5-1fec972c5a68', 'eyJhbGciOiJIUzI1NiIsInR5cCI6IkpXVCJ9.eyJ1aWQiOiI3ZWRkZDZjYS1iNTY0LTRhNTMtYmUwNS1hMWRiMWM5NjJjNmYiLCJyb2xlcyI6WyJhZG1pbiJdLCJpYXQiOjE3NDI1NTI4ODAsImV4cCI6MTc0MjU1NjQ4MH0.zMONA3bx8A9xpeDVLz2k3jovPEiYa_d0ZloBOU6NIm0', '2025-03-21 19:28:00', '2025-03-21 18:28:00', '7eddd6ca-b564-4a53-be05-a1db1c962c6f');
INSERT INTO `user_access_token` (`id`, `value`, `expired_at`, `created_at`, `userId`) VALUES ('c5478a4a-31dd-444a-a577-b535f9b3a02e', 'eyJhbGciOiJIUzI1NiIsInR5cCI6IkpXVCJ9.eyJ1aWQiOiI3ZWRkZDZjYS1iNTY0LTRhNTMtYmUwNS1hMWRiMWM5NjJjNmYiLCJyb2xlcyI6WyJhZG1pbiJdLCJpYXQiOjE3NDI4ODk1MTIsImV4cCI6MTc0Mjg5MzExMn0.W-eg0oyOoDRpnxS4L3JjCWIeO70b3MlC5Q0O-F5gkwY', '2025-03-25 16:58:32', '2025-03-25 15:58:32', '7eddd6ca-b564-4a53-be05-a1db1c962c6f');
INSERT INTO `user_access_token` (`id`, `value`, `expired_at`, `created_at`, `userId`) VALUES ('c9200306-e3b5-4bd9-9f02-27f27feab02e', 'eyJhbGciOiJIUzI1NiIsInR5cCI6IkpXVCJ9.eyJ1aWQiOiI3ZWRkZDZjYS1iNTY0LTRhNTMtYmUwNS1hMWRiMWM5NjJjNmYiLCJyb2xlcyI6WyJhZG1pbiJdLCJpYXQiOjE3NDQwNzQwNTQsImV4cCI6MTc0NDA3NzY1NH0.XPk91BNEA_jqT_BzAduYJ2ZJlbryj7Ss_xF6RxRajC0', '2025-04-08 10:00:55', '2025-04-08 09:00:55', '7eddd6ca-b564-4a53-be05-a1db1c962c6f');
INSERT INTO `user_access_token` (`id`, `value`, `expired_at`, `created_at`, `userId`) VALUES ('c93c3fdc-4fa1-431b-9582-2ec0e23719ae', 'eyJhbGciOiJIUzI1NiIsInR5cCI6IkpXVCJ9.eyJ1aWQiOiI3ZWRkZDZjYS1iNTY0LTRhNTMtYmUwNS1hMWRiMWM5NjJjNmYiLCJyb2xlcyI6WyJhZG1pbiJdLCJpYXQiOjE3NDI5ODA4NDMsImV4cCI6MTc0Mjk4NDQ0M30.pIBdG_TgcR78uw15vIopQXXpgNP_xjqbr1cCWDZSoE0', '2025-03-26 18:20:44', '2025-03-26 17:20:44', '7eddd6ca-b564-4a53-be05-a1db1c962c6f');
INSERT INTO `user_access_token` (`id`, `value`, `expired_at`, `created_at`, `userId`) VALUES ('c95e13d6-c111-46b9-a145-26c6d976750b', 'eyJhbGciOiJIUzI1NiIsInR5cCI6IkpXVCJ9.eyJ1aWQiOiJhYzA5ZGFjNy1lMmU2LTQ0ZDQtODZjOC1mZTYxNDMwMWI0NDEiLCJyb2xlcyI6WyJ0ZXN0Il0sImlhdCI6MTc0MDk5MDI4MiwiZXhwIjoxNzQwOTkyMDgyfQ.QBuXBuDzDuGzvSLohVRLzGPLz6-3kSox0HOEy6rR6mY', '2025-03-03 16:54:42', '2025-03-03 16:24:42', 'ac09dac7-e2e6-44d4-86c8-fe614301b441');
INSERT INTO `user_access_token` (`id`, `value`, `expired_at`, `created_at`, `userId`) VALUES ('cad153af-71d9-40ca-8d53-f4bfa6f66660', 'eyJhbGciOiJIUzI1NiIsInR5cCI6IkpXVCJ9.eyJ1aWQiOiI3ZWRkZDZjYS1iNTY0LTRhNTMtYmUwNS1hMWRiMWM5NjJjNmYiLCJyb2xlcyI6WyJhZG1pbiJdLCJpYXQiOjE3NDI3Mjc0MDAsImV4cCI6MTc0MjczMTAwMH0.LbpZauORjSVwQsxB30xxCUPLG9fyXdlTJOhKZkoAdMs', '2025-03-23 19:56:41', '2025-03-23 18:56:41', '7eddd6ca-b564-4a53-be05-a1db1c962c6f');
INSERT INTO `user_access_token` (`id`, `value`, `expired_at`, `created_at`, `userId`) VALUES ('cc5da264-9a3c-4b84-8f9a-03be250fcc19', 'eyJhbGciOiJIUzI1NiIsInR5cCI6IkpXVCJ9.eyJ1aWQiOiI3ZWRkZDZjYS1iNTY0LTRhNTMtYmUwNS1hMWRiMWM5NjJjNmYiLCJyb2xlcyI6WyJhZG1pbiJdLCJpYXQiOjE3NDIyNzg4OTgsImV4cCI6MTc0MjM2NTI5OH0.BJdkMlcjKqIqIaLeJhZYltmW4eW2L8DAOdcfPzG-YzY', '2025-03-19 14:21:38', '2025-03-18 14:21:38', '7eddd6ca-b564-4a53-be05-a1db1c962c6f');
INSERT INTO `user_access_token` (`id`, `value`, `expired_at`, `created_at`, `userId`) VALUES ('cc7fb918-fa50-4b6c-9c5b-80d98e2716e8', 'eyJhbGciOiJIUzI1NiIsInR5cCI6IkpXVCJ9.eyJ1aWQiOiI0YzUxYjMyMS1kZWRiLTQxMTAtODI3ZC1jY2JjZDgzYjU4NjciLCJyb2xlcyI6WyJndWVzdCJdLCJpYXQiOjE3NDI3MDc4NDksImV4cCI6MTc0MjcxMTQ0OX0.RnK6Ka2U5xZOLz8tItmpDsiOsvbK-7AMJtCOBqftMqY', '2025-03-23 14:30:50', '2025-03-23 13:30:50', '4c51b321-dedb-4110-827d-ccbcd83b5867');
INSERT INTO `user_access_token` (`id`, `value`, `expired_at`, `created_at`, `userId`) VALUES ('ccec7947-3962-4f3b-b989-534924e83ccd', 'eyJhbGciOiJIUzI1NiIsInR5cCI6IkpXVCJ9.eyJ1aWQiOiI3ZWRkZDZjYS1iNTY0LTRhNTMtYmUwNS1hMWRiMWM5NjJjNmYiLCJyb2xlcyI6WyJhZG1pbiJdLCJpYXQiOjE3NDMyMzk3NjMsImV4cCI6MTc0MzI0MzM2M30._ZL2uoKm5H2YKqMrPdVRE6Kv1QkI-zKOplIxhlPpvwI', '2025-03-29 18:16:04', '2025-03-29 17:16:04', '7eddd6ca-b564-4a53-be05-a1db1c962c6f');
INSERT INTO `user_access_token` (`id`, `value`, `expired_at`, `created_at`, `userId`) VALUES ('cff806e4-754f-4897-8e14-525d2466ffb2', 'eyJhbGciOiJIUzI1NiIsInR5cCI6IkpXVCJ9.eyJ1aWQiOiI3ZWRkZDZjYS1iNTY0LTRhNTMtYmUwNS1hMWRiMWM5NjJjNmYiLCJyb2xlcyI6WyJhZG1pbiJdLCJpYXQiOjE3NDM2NTc2MzcsImV4cCI6MTc0MzY2MTIzN30.bg21F8lDyIaIepjbi7VuX0G1qfFp1O3lM5N-8qYE2Gs', '2025-04-03 14:20:38', '2025-04-03 13:20:38', '7eddd6ca-b564-4a53-be05-a1db1c962c6f');
INSERT INTO `user_access_token` (`id`, `value`, `expired_at`, `created_at`, `userId`) VALUES ('d516eb79-0166-41b3-80db-cef50ed39e16', 'eyJhbGciOiJIUzI1NiIsInR5cCI6IkpXVCJ9.eyJ1aWQiOiI3ZWRkZDZjYS1iNTY0LTRhNTMtYmUwNS1hMWRiMWM5NjJjNmYiLCJyb2xlcyI6WyJhZG1pbiJdLCJpYXQiOjE3NDI5NzE3MjQsImV4cCI6MTc0Mjk3NTMyNH0.jvAc7MOlhkE47hJEP4tbQLLBOP5LAyeyz4HeqlQKCIQ', '2025-03-26 15:48:44', '2025-03-26 14:48:44', '7eddd6ca-b564-4a53-be05-a1db1c962c6f');
INSERT INTO `user_access_token` (`id`, `value`, `expired_at`, `created_at`, `userId`) VALUES ('d8392a24-3338-4e75-ac2e-b51ec9575df2', 'eyJhbGciOiJIUzI1NiIsInR5cCI6IkpXVCJ9.eyJ1aWQiOiJhYzA5ZGFjNy1lMmU2LTQ0ZDQtODZjOC1mZTYxNDMwMWI0NDEiLCJyb2xlcyI6WyJ0ZXN0Il0sImlhdCI6MTc0MjcwODAwNCwiZXhwIjoxNzQyNzExNjA0fQ.6hWfLfG-WFp3DwtWVdqiNrZAwIkj8qdQbs95p7hlaJU', '2025-03-23 14:33:24', '2025-03-23 13:33:24', 'ac09dac7-e2e6-44d4-86c8-fe614301b441');
INSERT INTO `user_access_token` (`id`, `value`, `expired_at`, `created_at`, `userId`) VALUES ('d8529544-9f2c-4e94-964f-e4298cf52667', 'eyJhbGciOiJIUzI1NiIsInR5cCI6IkpXVCJ9.eyJ1aWQiOiJhYzA5ZGFjNy1lMmU2LTQ0ZDQtODZjOC1mZTYxNDMwMWI0NDEiLCJyb2xlcyI6WyJ0ZXN0Il0sImlhdCI6MTc0MTEwMjgzNywiZXhwIjoxNzQxMTA0NjM3fQ.XbmH9cJzwYeFqtP925-_LTog1hffstM1QSuiGXuW7u0', '2025-03-05 00:10:38', '2025-03-04 23:40:38', 'ac09dac7-e2e6-44d4-86c8-fe614301b441');
INSERT INTO `user_access_token` (`id`, `value`, `expired_at`, `created_at`, `userId`) VALUES ('d8e32b87-8e49-4646-93e0-59327d63b8c8', 'eyJhbGciOiJIUzI1NiIsInR5cCI6IkpXVCJ9.eyJ1aWQiOiI3ZWRkZDZjYS1iNTY0LTRhNTMtYmUwNS1hMWRiMWM5NjJjNmYiLCJyb2xlcyI6WyJhZG1pbiJdLCJpYXQiOjE3NDM5NTAwMTIsImV4cCI6MTc0Mzk1MzYxMn0.mnyE8Q9O-VnEtqH-VYrz3pgkDJqDzEN9CTdeT8hQMPA', '2025-04-06 23:33:32', '2025-04-06 22:33:32', '7eddd6ca-b564-4a53-be05-a1db1c962c6f');
INSERT INTO `user_access_token` (`id`, `value`, `expired_at`, `created_at`, `userId`) VALUES ('dfb24f54-dd6a-43d6-a2d1-54399a22e7bb', 'eyJhbGciOiJIUzI1NiIsInR5cCI6IkpXVCJ9.eyJ1aWQiOiI3ZWRkZDZjYS1iNTY0LTRhNTMtYmUwNS1hMWRiMWM5NjJjNmYiLCJyb2xlcyI6WyJhZG1pbiJdLCJpYXQiOjE3NDI3MTA2MDEsImV4cCI6MTc0MjcxNDIwMX0.Nt-VBV_WudxGhxSMAL5vYobitXXwqHGlRe7LLS1yt90', '2025-03-23 15:16:42', '2025-03-23 14:16:42', '7eddd6ca-b564-4a53-be05-a1db1c962c6f');
INSERT INTO `user_access_token` (`id`, `value`, `expired_at`, `created_at`, `userId`) VALUES ('e0e4f847-cdb9-4047-a719-af3e1a19cd9e', 'eyJhbGciOiJIUzI1NiIsInR5cCI6IkpXVCJ9.eyJ1aWQiOiJhYzA5ZGFjNy1lMmU2LTQ0ZDQtODZjOC1mZTYxNDMwMWI0NDEiLCJyb2xlcyI6WyJ0ZXN0Il0sImlhdCI6MTc0MTg4MDYwMCwiZXhwIjoxNzQxODgyNDAwfQ.K9vRXz7TSzB3upiEV2rrSzFTPnGLjuP8AiMcGwSsYJI', '2025-03-14 00:13:21', '2025-03-13 23:43:21', 'ac09dac7-e2e6-44d4-86c8-fe614301b441');
INSERT INTO `user_access_token` (`id`, `value`, `expired_at`, `created_at`, `userId`) VALUES ('e309476e-96f9-4c01-b7e2-0b00abbaf000', 'eyJhbGciOiJIUzI1NiIsInR5cCI6IkpXVCJ9.eyJ1aWQiOiI3ZWRkZDZjYS1iNTY0LTRhNTMtYmUwNS1hMWRiMWM5NjJjNmYiLCJyb2xlcyI6WyJhZG1pbiJdLCJpYXQiOjE3NDMzMzcxNTYsImV4cCI6MTc0MzM0MDc1Nn0.KWZWWJMM661AANVJwfgfr1FvJ7zTM8yFwgjTKIK3LEE', '2025-03-30 21:19:16', '2025-03-30 20:19:16', '7eddd6ca-b564-4a53-be05-a1db1c962c6f');
INSERT INTO `user_access_token` (`id`, `value`, `expired_at`, `created_at`, `userId`) VALUES ('e7652ee9-4f58-49fd-965b-4aa5098dec4c', 'eyJhbGciOiJIUzI1NiIsInR5cCI6IkpXVCJ9.eyJ1aWQiOiI0YzUxYjMyMS1kZWRiLTQxMTAtODI3ZC1jY2JjZDgzYjU4NjciLCJyb2xlcyI6WyJndWVzdCJdLCJpYXQiOjE3NDI3MDk1MzUsImV4cCI6MTc0MjcxMzEzNX0.W8uW4NwEMc1aeHpcrfut7w3EKq7iYlOW1KDEmHWDfVA', '2025-03-23 14:58:56', '2025-03-23 13:58:56', '4c51b321-dedb-4110-827d-ccbcd83b5867');
INSERT INTO `user_access_token` (`id`, `value`, `expired_at`, `created_at`, `userId`) VALUES ('e7732ff3-d270-45e9-aafd-37851efe1494', 'eyJhbGciOiJIUzI1NiIsInR5cCI6IkpXVCJ9.eyJ1aWQiOiI3ZWRkZDZjYS1iNTY0LTRhNTMtYmUwNS1hMWRiMWM5NjJjNmYiLCJyb2xlcyI6WyJhZG1pbiJdLCJpYXQiOjE3NDIzMDQ1NTQsImV4cCI6MTc0MjM5MDk1NH0.Q1n0KjrtaVab9UbSptZN1AOlhazkP5epm5HPEtKksd0', '2025-03-19 21:29:14', '2025-03-18 21:29:14', '7eddd6ca-b564-4a53-be05-a1db1c962c6f');
INSERT INTO `user_access_token` (`id`, `value`, `expired_at`, `created_at`, `userId`) VALUES ('e7ca5cdf-146f-4f38-b611-5ecb3b282441', 'eyJhbGciOiJIUzI1NiIsInR5cCI6IkpXVCJ9.eyJ1aWQiOiI0YzUxYjMyMS1kZWRiLTQxMTAtODI3ZC1jY2JjZDgzYjU4NjciLCJyb2xlcyI6WyJndWVzdCJdLCJpYXQiOjE3NDIyNzUzMTQsImV4cCI6MTc0MjM2MTcxNH0.nuMMFI_r9wB1KeuKXgvQACyjCOu_RMGFHqowOSlZKdw', '2025-03-19 13:21:55', '2025-03-18 13:21:55', '4c51b321-dedb-4110-827d-ccbcd83b5867');
INSERT INTO `user_access_token` (`id`, `value`, `expired_at`, `created_at`, `userId`) VALUES ('e887f352-79e5-4771-bad4-d2bd12aed1ab', 'eyJhbGciOiJIUzI1NiIsInR5cCI6IkpXVCJ9.eyJ1aWQiOiI3ZWRkZDZjYS1iNTY0LTRhNTMtYmUwNS1hMWRiMWM5NjJjNmYiLCJyb2xlcyI6WyJhZG1pbiJdLCJpYXQiOjE3NDQwMTQxOTAsImV4cCI6MTc0NDAxNzc5MH0.Ji-yUC6vkYy6bD6P21FMy42e38GphF4d2Rh0dZjNTGo', '2025-04-07 17:23:11', '2025-04-07 16:23:11', '7eddd6ca-b564-4a53-be05-a1db1c962c6f');
INSERT INTO `user_access_token` (`id`, `value`, `expired_at`, `created_at`, `userId`) VALUES ('eac98676-e4d0-4834-95b2-688279f0dfac', 'eyJhbGciOiJIUzI1NiIsInR5cCI6IkpXVCJ9.eyJ1aWQiOiI3ZWRkZDZjYS1iNTY0LTRhNTMtYmUwNS1hMWRiMWM5NjJjNmYiLCJyb2xlcyI6WyJhZG1pbiJdLCJpYXQiOjE3NDI3MDczNzQsImV4cCI6MTc0MjcxMDk3NH0.Fd2A8EHqYS2Gd48IaSlVVW00JqvfIBWE0QiO3JrKcm0', '2025-03-23 14:22:54', '2025-03-23 13:22:54', '7eddd6ca-b564-4a53-be05-a1db1c962c6f');
INSERT INTO `user_access_token` (`id`, `value`, `expired_at`, `created_at`, `userId`) VALUES ('ec5ed903-3e2b-4be9-8ce8-a45351a19f49', 'eyJhbGciOiJIUzI1NiIsInR5cCI6IkpXVCJ9.eyJ1aWQiOiI3ZWRkZDZjYS1iNTY0LTRhNTMtYmUwNS1hMWRiMWM5NjJjNmYiLCJyb2xlcyI6WyJhZG1pbiJdLCJpYXQiOjE3NDQwMTc0NzgsImV4cCI6MTc0NDAyMTA3OH0.90OdTHc3OtIKsXvkdpuIjFX4eBj5h8fkkuTVUb396rM', '2025-04-07 18:17:58', '2025-04-07 17:17:58', '7eddd6ca-b564-4a53-be05-a1db1c962c6f');
INSERT INTO `user_access_token` (`id`, `value`, `expired_at`, `created_at`, `userId`) VALUES ('ed3badba-f460-45fe-b853-eb3ed6e94902', 'eyJhbGciOiJIUzI1NiIsInR5cCI6IkpXVCJ9.eyJ1aWQiOiI3ZWRkZDZjYS1iNTY0LTRhNTMtYmUwNS1hMWRiMWM5NjJjNmYiLCJyb2xlcyI6WyJhZG1pbiJdLCJpYXQiOjE3NDI3MDU3MjUsImV4cCI6MTc0MjcwOTMyNX0.b01p4aM5o-c_GN2IpP3ndlIu8AjbNVyIDPsNaB_gcMA', '2025-03-23 13:55:25', '2025-03-23 12:55:25', '7eddd6ca-b564-4a53-be05-a1db1c962c6f');
INSERT INTO `user_access_token` (`id`, `value`, `expired_at`, `created_at`, `userId`) VALUES ('ef1cb105-25f7-4af9-b08d-c5ba7c0cde92', 'eyJhbGciOiJIUzI1NiIsInR5cCI6IkpXVCJ9.eyJ1aWQiOiI3ZWRkZDZjYS1iNTY0LTRhNTMtYmUwNS1hMWRiMWM5NjJjNmYiLCJyb2xlcyI6WyJhZG1pbiJdLCJpYXQiOjE3NDQwMjI0MDUsImV4cCI6MTc0NDAyNjAwNX0.m_e8OVEMBZizNUO0lgQJEfHkS28b519vWu_5ldtcRec', '2025-04-07 19:40:05', '2025-04-07 18:40:05', '7eddd6ca-b564-4a53-be05-a1db1c962c6f');
INSERT INTO `user_access_token` (`id`, `value`, `expired_at`, `created_at`, `userId`) VALUES ('ef28cbfc-51f4-4b0a-905e-30a98427a943', 'eyJhbGciOiJIUzI1NiIsInR5cCI6IkpXVCJ9.eyJ1aWQiOiI3ZWRkZDZjYS1iNTY0LTRhNTMtYmUwNS1hMWRiMWM5NjJjNmYiLCJyb2xlcyI6WyJhZG1pbiJdLCJpYXQiOjE3NDI3MDc4MDgsImV4cCI6MTc0MjcxMTQwOH0.sV9PlEKilx8SLsO26O0cWe4VcdU1t8Kkdl_T3BFdXhg', '2025-03-23 14:30:08', '2025-03-23 13:30:08', '7eddd6ca-b564-4a53-be05-a1db1c962c6f');
INSERT INTO `user_access_token` (`id`, `value`, `expired_at`, `created_at`, `userId`) VALUES ('ef9d1a30-51ac-4fe2-8741-c61cfc18df6a', 'eyJhbGciOiJIUzI1NiIsInR5cCI6IkpXVCJ9.eyJ1aWQiOiI3ZWRkZDZjYS1iNTY0LTRhNTMtYmUwNS1hMWRiMWM5NjJjNmYiLCJyb2xlcyI6WyJhZG1pbiJdLCJpYXQiOjE3NDMzMzIxOTQsImV4cCI6MTc0MzMzNTc5NH0.R2K1cM6fQTh_OckpfW8Q2KgHxQcHiLvXSz7dLRWOLuA', '2025-03-30 19:56:34', '2025-03-30 18:56:34', '7eddd6ca-b564-4a53-be05-a1db1c962c6f');
INSERT INTO `user_access_token` (`id`, `value`, `expired_at`, `created_at`, `userId`) VALUES ('f0fda403-3bb9-4558-96f1-0665566bee34', 'eyJhbGciOiJIUzI1NiIsInR5cCI6IkpXVCJ9.eyJ1aWQiOiI0YzUxYjMyMS1kZWRiLTQxMTAtODI3ZC1jY2JjZDgzYjU4NjciLCJyb2xlcyI6WyJndWVzdCJdLCJpYXQiOjE3NDI5Nzk2MTgsImV4cCI6MTc0Mjk4MzIxOH0.10Fi7sQ6dBo6cvN-avRrCAbz0ubQNQOW0OOsA-uJ6_E', '2025-03-26 18:00:18', '2025-03-26 17:00:18', '4c51b321-dedb-4110-827d-ccbcd83b5867');
INSERT INTO `user_access_token` (`id`, `value`, `expired_at`, `created_at`, `userId`) VALUES ('f5a6151b-f9d4-4a2d-a59a-23dc46097bf7', 'eyJhbGciOiJIUzI1NiIsInR5cCI6IkpXVCJ9.eyJ1aWQiOiI3ZWRkZDZjYS1iNTY0LTRhNTMtYmUwNS1hMWRiMWM5NjJjNmYiLCJyb2xlcyI6WyJhZG1pbiJdLCJpYXQiOjE3NDI4MjgyNjUsImV4cCI6MTc0MjgzMTg2NX0.Kamt7TYU3lfWjpu4uC_xuDBA05yGK8tkPKaEcpcTHTs', '2025-03-24 23:57:46', '2025-03-24 22:57:46', '7eddd6ca-b564-4a53-be05-a1db1c962c6f');
INSERT INTO `user_access_token` (`id`, `value`, `expired_at`, `created_at`, `userId`) VALUES ('f6143ab5-5afa-4e90-94b5-dc121f7bcd73', 'eyJhbGciOiJIUzI1NiIsInR5cCI6IkpXVCJ9.eyJ1aWQiOiI0YzUxYjMyMS1kZWRiLTQxMTAtODI3ZC1jY2JjZDgzYjU4NjciLCJyb2xlcyI6WyJndWVzdCJdLCJpYXQiOjE3NDIyMzI5ODYsImV4cCI6MTc0MjMxOTM4Nn0.NqTn053Kyf4GwS9TY4HI5mdQ6EVW2WcVtkXK-cb8kNA', '2025-03-19 01:36:26', '2025-03-18 01:36:26', '4c51b321-dedb-4110-827d-ccbcd83b5867');
INSERT INTO `user_access_token` (`id`, `value`, `expired_at`, `created_at`, `userId`) VALUES ('f668c8f2-ca96-4faa-b699-709f905c61a4', 'eyJhbGciOiJIUzI1NiIsInR5cCI6IkpXVCJ9.eyJ1aWQiOiI3ZWRkZDZjYS1iNTY0LTRhNTMtYmUwNS1hMWRiMWM5NjJjNmYiLCJyb2xlcyI6WyJhZG1pbiJdLCJpYXQiOjE3NDI0Mzc1MjUsImV4cCI6MTc0MjUyMzkyNX0.4k_3gLfUI-d-XuJdki96AtaR4IoUi_9S787AF4WjKys', '2025-03-21 10:25:25', '2025-03-20 10:25:25', '7eddd6ca-b564-4a53-be05-a1db1c962c6f');
INSERT INTO `user_access_token` (`id`, `value`, `expired_at`, `created_at`, `userId`) VALUES ('f6b8eed7-aa44-4e98-b0af-71eb8e582d31', 'eyJhbGciOiJIUzI1NiIsInR5cCI6IkpXVCJ9.eyJ1aWQiOiI3ZWRkZDZjYS1iNTY0LTRhNTMtYmUwNS1hMWRiMWM5NjJjNmYiLCJyb2xlcyI6WyJhZG1pbiJdLCJpYXQiOjE3NDM0MDIwODksImV4cCI6MTc0MzQwNTY4OX0.EjJ3v4oLHwgiVjEl1AnJiJMCExZjHUYmEx967Qzoyjk', '2025-03-31 15:21:29', '2025-03-31 14:21:29', '7eddd6ca-b564-4a53-be05-a1db1c962c6f');
INSERT INTO `user_access_token` (`id`, `value`, `expired_at`, `created_at`, `userId`) VALUES ('f72f0f23-9970-43ca-8009-ef8a2f3e2d03', 'eyJhbGciOiJIUzI1NiIsInR5cCI6IkpXVCJ9.eyJ1aWQiOiI3ZWRkZDZjYS1iNTY0LTRhNTMtYmUwNS1hMWRiMWM5NjJjNmYiLCJyb2xlcyI6WyJhZG1pbiJdLCJpYXQiOjE3NDI5MDA0OTYsImV4cCI6MTc0MjkwNDA5Nn0.cAcWmPZzrregsA6BE8ONXFi2DNwN5swIT4_aSIPLDZo', '2025-03-25 20:01:37', '2025-03-25 19:01:37', '7eddd6ca-b564-4a53-be05-a1db1c962c6f');
INSERT INTO `user_access_token` (`id`, `value`, `expired_at`, `created_at`, `userId`) VALUES ('f77d561e-bd5e-422e-b7b3-dab27c088e29', 'eyJhbGciOiJIUzI1NiIsInR5cCI6IkpXVCJ9.eyJ1aWQiOiI3ZWRkZDZjYS1iNTY0LTRhNTMtYmUwNS1hMWRiMWM5NjJjNmYiLCJyb2xlcyI6WyJhZG1pbiJdLCJpYXQiOjE3NDI0NjI5MzYsImV4cCI6MTc0MjU0OTMzNn0.F-GUMSIAlRUmbGJMUfhjtEXtfHy1rRCwDoPZLHNGybo', '2025-03-21 17:28:56', '2025-03-20 17:28:56', '7eddd6ca-b564-4a53-be05-a1db1c962c6f');
INSERT INTO `user_access_token` (`id`, `value`, `expired_at`, `created_at`, `userId`) VALUES ('f77ee59e-0d3f-4879-a6f8-853f55ae26f6', 'eyJhbGciOiJIUzI1NiIsInR5cCI6IkpXVCJ9.eyJ1aWQiOiI3ZWRkZDZjYS1iNTY0LTRhNTMtYmUwNS1hMWRiMWM5NjJjNmYiLCJyb2xlcyI6WyJhZG1pbiJdLCJpYXQiOjE3NDMxNTMzODIsImV4cCI6MTc0MzE1Njk4Mn0.cMg9CtFFu15dBmgnpGnLODuhX9n9XXkmO6YedeJB7cU', '2025-03-28 18:16:22', '2025-03-28 17:16:22', '7eddd6ca-b564-4a53-be05-a1db1c962c6f');
INSERT INTO `user_access_token` (`id`, `value`, `expired_at`, `created_at`, `userId`) VALUES ('f9f80d7c-2cb8-4c68-b8b3-5bd048149cb0', 'eyJhbGciOiJIUzI1NiIsInR5cCI6IkpXVCJ9.eyJ1aWQiOiI3ZWRkZDZjYS1iNTY0LTRhNTMtYmUwNS1hMWRiMWM5NjJjNmYiLCJyb2xlcyI6WyJhZG1pbiJdLCJpYXQiOjE3NDMyNTc3OTUsImV4cCI6MTc0MzI2MTM5NX0.30FcrLnL1tR02yjyiQ_YdD4omy4TGS4Nc7x1WWdJflU', '2025-03-29 23:16:36', '2025-03-29 22:16:36', '7eddd6ca-b564-4a53-be05-a1db1c962c6f');
INSERT INTO `user_access_token` (`id`, `value`, `expired_at`, `created_at`, `userId`) VALUES ('fc2391b8-282f-47e2-bda5-188d29c2a106', 'eyJhbGciOiJIUzI1NiIsInR5cCI6IkpXVCJ9.eyJ1aWQiOiI3ZWRkZDZjYS1iNTY0LTRhNTMtYmUwNS1hMWRiMWM5NjJjNmYiLCJyb2xlcyI6WyJhZG1pbiJdLCJpYXQiOjE3NDQxMTkzNTMsImV4cCI6MTc0NDEyMjk1M30.S3iGCWEBjXAXNzHKmKBXlhh6LMy7WoBMwREIVDzXiPY', '2025-04-08 22:35:53', '2025-04-08 21:35:53', '7eddd6ca-b564-4a53-be05-a1db1c962c6f');
INSERT INTO `user_access_token` (`id`, `value`, `expired_at`, `created_at`, `userId`) VALUES ('fe35f706-225b-4084-ab33-1918ce572e18', 'eyJhbGciOiJIUzI1NiIsInR5cCI6IkpXVCJ9.eyJ1aWQiOiI3ZWRkZDZjYS1iNTY0LTRhNTMtYmUwNS1hMWRiMWM5NjJjNmYiLCJyb2xlcyI6WyJhZG1pbiJdLCJpYXQiOjE3NDM3NjIyMjgsImV4cCI6MTc0Mzc2NTgyOH0.lYpJmdSiD5K0YRX_ZBJNe_VaItkVQyNguErUYPS3uEs', '2025-04-04 19:23:49', '2025-04-04 18:23:49', '7eddd6ca-b564-4a53-be05-a1db1c962c6f');
COMMIT;

-- ----------------------------
-- Table structure for user_profile
-- ----------------------------
DROP TABLE IF EXISTS `user_profile`;
CREATE TABLE `user_profile` (
  `id` varchar(36) CHARACTER SET utf8mb4 COLLATE utf8mb4_0900_ai_ci NOT NULL,
  `created_at` datetime(6) NOT NULL DEFAULT CURRENT_TIMESTAMP(6),
  `updated_at` datetime(6) NOT NULL DEFAULT CURRENT_TIMESTAMP(6),
  `nick_name` varchar(20) CHARACTER SET utf8mb4 COLLATE utf8mb4_0900_ai_ci DEFAULT NULL COMMENT '昵称',
  `gender` enum('0','1') NOT NULL DEFAULT '1' COMMENT '性别 1 男 0 女',
  `email` varchar(25) CHARACTER SET utf8mb4 COLLATE utf8mb4_0900_ai_ci DEFAULT NULL COMMENT 'email',
  `phone` varchar(11) CHARACTER SET utf8mb4 COLLATE utf8mb4_0900_ai_ci DEFAULT NULL COMMENT '手机号',
  `avatar` varchar(255) CHARACTER SET utf8mb4 COLLATE utf8mb4_0900_ai_ci DEFAULT NULL COMMENT '头像',
  `signature` varchar(255) CHARACTER SET utf8mb4 COLLATE utf8mb4_0900_ai_ci DEFAULT NULL COMMENT '个人签名',
  `address` varchar(255) CHARACTER SET utf8mb4 COLLATE utf8mb4_0900_ai_ci DEFAULT NULL COMMENT '地址',
  `birth_date` datetime DEFAULT NULL COMMENT '出生日期',
  `introduction` longtext CHARACTER SET utf8mb4 COLLATE utf8mb4_0900_ai_ci COMMENT '简介',
  PRIMARY KEY (`id`) USING BTREE
) ENGINE=InnoDB DEFAULT CHARSET=utf8mb4 COLLATE=utf8mb4_0900_ai_ci ROW_FORMAT=DYNAMIC;

-- ----------------------------
-- Records of user_profile
-- ----------------------------
BEGIN;
INSERT INTO `user_profile` (`id`, `created_at`, `updated_at`, `nick_name`, `gender`, `email`, `phone`, `avatar`, `signature`, `address`, `birth_date`, `introduction`) VALUES ('4fa2bd87-7460-453f-be65-76128af9518d', '2025-02-26 14:52:05.341684', '2025-02-26 14:52:05.341684', '游客', '1', 'guest@qq.com', NULL, 'http://myblogimgbucket.oss-cn-beijing.aliyuncs.com/1741512170833-WechatIMG432.jpg', '\"在平凡的日子里，做自己的光。\"', NULL, NULL, NULL);
INSERT INTO `user_profile` (`id`, `created_at`, `updated_at`, `nick_name`, `gender`, `email`, `phone`, `avatar`, `signature`, `address`, `birth_date`, `introduction`) VALUES ('6463122f-a435-430c-9d69-c7fbddaf0de8', '2025-02-21 17:15:27.107185', '2025-02-21 17:15:27.107185', 'admin', '1', 'admin@qq.com', '', 'https://nest-admin-1308002460.cos.ap-chengdu.myqcloud.com/1742912393529-WechatIMG469-removebg-preview.png', '哼…这具躯壳终究无法承载吾『终焉之暗·灭世魔神』的万亿分之一力量吗…', '中国 成都', '2005-05-06 00:00:00', '(◣_◢) 您的中二能量已突破事件视界——');
INSERT INTO `user_profile` (`id`, `created_at`, `updated_at`, `nick_name`, `gender`, `email`, `phone`, `avatar`, `signature`, `address`, `birth_date`, `introduction`) VALUES ('a32e725f-7a75-4770-b9d7-c9e15852c028', '2025-02-24 17:27:35.418875', '2025-02-24 17:27:35.418875', '测试', '0', 'test@qq.com', NULL, 'http://myblogimgbucket.oss-cn-beijing.aliyuncs.com/1741512156799-WechatIMG431.jpg', '\"风停在窗边，嘱咐你要热爱这个世界。\"', NULL, NULL, NULL);
INSERT INTO `user_profile` (`id`, `created_at`, `updated_at`, `nick_name`, `gender`, `email`, `phone`, `avatar`, `signature`, `address`, `birth_date`, `introduction`) VALUES ('ba55477e-7c4e-4903-922e-2e52d912a0cf', '2025-03-30 20:58:26.874215', '2025-03-30 20:58:26.874215', 'Claucherty', '1', '2715158815@qq.com', NULL, 'https://myblogimgbucket.oss-cn-beijing.aliyuncs.com/WechatIMG435.jpg', NULL, NULL, NULL, NULL);
COMMIT;

-- ----------------------------
-- Table structure for user_refresh_token
-- ----------------------------
DROP TABLE IF EXISTS `user_refresh_token`;
CREATE TABLE `user_refresh_token` (
  `id` varchar(36) CHARACTER SET utf8mb4 COLLATE utf8mb4_0900_ai_ci NOT NULL,
  `value` varchar(255) CHARACTER SET utf8mb4 COLLATE utf8mb4_0900_ai_ci NOT NULL,
  `expired_at` datetime NOT NULL,
  `created_at` datetime NOT NULL,
  `accessTokenId` varchar(36) CHARACTER SET utf8mb4 COLLATE utf8mb4_0900_ai_ci DEFAULT NULL,
  PRIMARY KEY (`id`) USING BTREE,
  UNIQUE KEY `REL_0fb9e76570bb35fd7dd7f78f73` (`accessTokenId`) USING BTREE,
  CONSTRAINT `FK_0fb9e76570bb35fd7dd7f78f73c` FOREIGN KEY (`accessTokenId`) REFERENCES `user_access_token` (`id`) ON DELETE CASCADE
) ENGINE=InnoDB DEFAULT CHARSET=utf8mb4 COLLATE=utf8mb4_0900_ai_ci ROW_FORMAT=DYNAMIC;

-- ----------------------------
-- Records of user_refresh_token
-- ----------------------------
BEGIN;
INSERT INTO `user_refresh_token` (`id`, `value`, `expired_at`, `created_at`, `accessTokenId`) VALUES ('02811921-59bf-49d0-a73e-1ecf389f643d', 'eyJhbGciOiJIUzI1NiIsInR5cCI6IkpXVCJ9.eyJ1dWlkIjoiNTZlMThiNTEtMTZkMy00OGU1LWEyM2QtMTAyYjhiMWViMDM5IiwiaWF0IjoxNzQzOTg4ODE5LCJleHAiOjE3NDM5OTI0MTl9.H5-Lg3Bt9NQyBPHNSb35bPFAdhSPwV15W5xeZGvXeuw', '2025-04-10 09:20:20', '2025-04-07 09:20:20', '6f4642f2-4fb7-4eaa-8ded-0294f1105ccd');
INSERT INTO `user_refresh_token` (`id`, `value`, `expired_at`, `created_at`, `accessTokenId`) VALUES ('068b4b13-0089-42fc-8a3f-e5fd80105165', 'eyJhbGciOiJIUzI1NiIsInR5cCI6IkpXVCJ9.eyJ1dWlkIjoiMzgwZTZlZWUtZjAyMi00MTkxLWJkOTMtNjk3MGYwOGY4ODhiIiwiaWF0IjoxNzQyNzI3NDAwLCJleHAiOjE3NDI3MzEwMDB9.FydZRqtol_L-AwvoWNABUqE8zUrNieE1NNuE1nfKols', '2025-03-30 18:56:41', '2025-03-23 18:56:41', 'cad153af-71d9-40ca-8d53-f4bfa6f66660');
INSERT INTO `user_refresh_token` (`id`, `value`, `expired_at`, `created_at`, `accessTokenId`) VALUES ('07842cc1-d15f-45db-9442-c90e76cf053d', 'eyJhbGciOiJIUzI1NiIsInR5cCI6IkpXVCJ9.eyJ1dWlkIjoiNGE3OWQ4OWMtYjFhNC00NGIyLWI0YWItZDdjZThhMDIwOTYzIiwiaWF0IjoxNzQzMTUzMzgyLCJleHAiOjE3NDMxNTY5ODJ9.ZOzR-IJWUV11kFImcxDWUqzEI1cUbQAO41pK01TR9HI', '2025-03-31 17:16:22', '2025-03-28 17:16:22', 'f77ee59e-0d3f-4879-a6f8-853f55ae26f6');
INSERT INTO `user_refresh_token` (`id`, `value`, `expired_at`, `created_at`, `accessTokenId`) VALUES ('078b9fdf-aad4-4e48-85d0-55f86eb41e82', 'eyJhbGciOiJIUzI1NiIsInR5cCI6IkpXVCJ9.eyJ1dWlkIjoiOTBjMjJjYzctZWM4Yi00MzIxLTg2NTUtMDAyYjZkZjI2YWUwIiwiaWF0IjoxNzQyNzA4MDEwLCJleHAiOjE3NDI3MTE2MTB9.YxVRuU_zQYfvzhxSsrrzYFRovazD-10SsXCcay2mbsQ', '2025-03-30 13:33:31', '2025-03-23 13:33:31', '4eae10a8-1258-44d4-98e9-c0629335f0f3');
INSERT INTO `user_refresh_token` (`id`, `value`, `expired_at`, `created_at`, `accessTokenId`) VALUES ('07ebd7a0-f751-4772-b404-db62f7c7fb63', 'eyJhbGciOiJIUzI1NiIsInR5cCI6IkpXVCJ9.eyJ1dWlkIjoiZDYyZTk3MGUtODkwNy00YzgwLTk2N2EtNTRkMzhhNDc1NGEzIiwiaWF0IjoxNzQyODY5ODEyLCJleHAiOjE3NDI4NzM0MTJ9.7JGHciRCgxjhiF5NNxJkZy1_IcWRZa6cFntCjSnuIUM', '2025-04-01 10:30:12', '2025-03-25 10:30:12', '25e4b9ae-9144-4ad3-a193-60c7e3824931');
INSERT INTO `user_refresh_token` (`id`, `value`, `expired_at`, `created_at`, `accessTokenId`) VALUES ('081047a0-c5fa-4570-bc0f-866ea5bcd7ab', 'eyJhbGciOiJIUzI1NiIsInR5cCI6IkpXVCJ9.eyJ1dWlkIjoiM2ZlMDRiOTQtZDljNi00M2ZiLWI5M2QtMjA4YTcyZjg0YWYwIiwiaWF0IjoxNzQwOTI4NzE3LCJleHAiOjE3NDA5MzA1MTd9.57zm_n-upgF02_wueMn147rLGkW82HQkMNAik58a_NE', '2025-03-09 23:18:38', '2025-03-02 23:18:38', '019f4f0e-f2f8-4ec5-80ef-6143d57f3da8');
INSERT INTO `user_refresh_token` (`id`, `value`, `expired_at`, `created_at`, `accessTokenId`) VALUES ('08f87f16-4e5f-4788-88ce-88411408f7a6', 'eyJhbGciOiJIUzI1NiIsInR5cCI6IkpXVCJ9.eyJ1dWlkIjoiZTNmN2QzZjAtYTM3ZS00MjhkLTgyM2MtZTc0NTg3MzFiMmYzIiwiaWF0IjoxNzQ0MDc1MjQzLCJleHAiOjE3NDQwNzg4NDN9.Zlns4pUp3bW1c_7yXKh53OuBHZO4we_Fudv0IPTxF6Y', '2025-04-11 09:20:44', '2025-04-08 09:20:44', '6387613e-8523-408b-bead-dcc4b1918e36');
INSERT INTO `user_refresh_token` (`id`, `value`, `expired_at`, `created_at`, `accessTokenId`) VALUES ('0955c1b7-800a-4e33-b0d9-e0f3fa39d191', 'eyJhbGciOiJIUzI1NiIsInR5cCI6IkpXVCJ9.eyJ1dWlkIjoiYTg2MzNmMDItNzI4MC00Yzg0LTlhOTYtOWNiOWQ0MjNhZTIzIiwiaWF0IjoxNzQ0MDIyNDA1LCJleHAiOjE3NDQwMjYwMDV9.nX-9WEXGRbKOZ4O7RrU4hMYNcetTOrInFFOwPTdaWrM', '2025-04-10 18:40:05', '2025-04-07 18:40:05', 'ef1cb105-25f7-4af9-b08d-c5ba7c0cde92');
INSERT INTO `user_refresh_token` (`id`, `value`, `expired_at`, `created_at`, `accessTokenId`) VALUES ('0bc17190-4188-4090-9e74-e332cd106d2a', 'eyJhbGciOiJIUzI1NiIsInR5cCI6IkpXVCJ9.eyJ1dWlkIjoiOTQzZTllYzgtNThjZC00MGE3LWFmNzItNzgzNzUxN2E1Y2JiIiwiaWF0IjoxNzQyNjk2NjM5LCJleHAiOjE3NDI3ODMwMzl9.fmO8LX_DIn66_jMtLO-ruZy99QT4WIJ4Fhb_45aSalk', '2025-03-30 10:24:00', '2025-03-23 10:24:00', '10b8b92b-cb98-4c81-b33f-1508c0adabe3');
INSERT INTO `user_refresh_token` (`id`, `value`, `expired_at`, `created_at`, `accessTokenId`) VALUES ('0d2a16fd-a3a4-45b6-bb20-94527771dd9e', 'eyJhbGciOiJIUzI1NiIsInR5cCI6IkpXVCJ9.eyJ1dWlkIjoiNDJiODM1NTYtYzJhNS00NDg0LWEwMDctMTNmNmJiYzE1ZDdkIiwiaWF0IjoxNzQxMDk0MjEyLCJleHAiOjE3NDEwOTYwMTJ9.BuKy9zm007QhswPvg907PRY5RniHgAz_PkdVsHE-iK8', '2025-03-11 21:16:53', '2025-03-04 21:16:53', '89e4bf8b-2b3d-471a-b97d-3170cb9906c7');
INSERT INTO `user_refresh_token` (`id`, `value`, `expired_at`, `created_at`, `accessTokenId`) VALUES ('0d7b0161-197a-441b-8093-9e18f7714b75', 'eyJhbGciOiJIUzI1NiIsInR5cCI6IkpXVCJ9.eyJ1dWlkIjoiYzk5N2E5NjctNzg5Mi00MTY1LTgxOGQtNmIyMDVjMWE5NmE1IiwiaWF0IjoxNzQxNTEwNTg2LCJleHAiOjE3NDE1MTIzODZ9.Zq2sy2TjvxQkrxfYtJSA4xdA7tCsrM3BAZ3ewbgLnYU', '2025-03-16 16:56:26', '2025-03-09 16:56:26', '704714ee-bf0a-41cd-a49c-4907c4dec0e2');
INSERT INTO `user_refresh_token` (`id`, `value`, `expired_at`, `created_at`, `accessTokenId`) VALUES ('0e513d3a-78ea-46a8-8008-2474b9b64ef5', 'eyJhbGciOiJIUzI1NiIsInR5cCI6IkpXVCJ9.eyJ1dWlkIjoiMDFhNzY3MzMtNmE4OC00MWQ5LTk5OGItYjcwYzIyOGU3MTY2IiwiaWF0IjoxNzQzNzczMDE4LCJleHAiOjE3NDM3NzY2MTh9.NElxXjmooAriavvNIIsdV2GQc4pIEIxDSsucKBb6-MU', '2025-04-07 21:23:39', '2025-04-04 21:23:39', '9d737e8d-2c34-4b1b-87ee-10a3432a53e9');
INSERT INTO `user_refresh_token` (`id`, `value`, `expired_at`, `created_at`, `accessTokenId`) VALUES ('0ea50fc2-f6e8-420c-8186-eb2648f24b59', 'eyJhbGciOiJIUzI1NiIsInR5cCI6IkpXVCJ9.eyJ1dWlkIjoiODAzYjM1M2UtNGY4NC00NmY1LWI2MTYtNzljMGJjOGMwM2YxIiwiaWF0IjoxNzQ0MDc0MDU0LCJleHAiOjE3NDQwNzc2NTR9.RtTuLi0Aq6FVaePDsaGdCZJArNGTTe3fGQ1K3aQrSUQ', '2025-04-11 09:00:55', '2025-04-08 09:00:55', 'c9200306-e3b5-4bd9-9f02-27f27feab02e');
INSERT INTO `user_refresh_token` (`id`, `value`, `expired_at`, `created_at`, `accessTokenId`) VALUES ('10c579d7-86ea-4670-a28b-e5b783b4f9f3', 'eyJhbGciOiJIUzI1NiIsInR5cCI6IkpXVCJ9.eyJ1dWlkIjoiZWJlNmNmMzMtMDUxYy00NmEzLTg3NjktYzFjZTFjNjllMDdkIiwiaWF0IjoxNzQzMDY5NTc1LCJleHAiOjE3NDMwNzMxNzV9.kfdcwE_7nTu_iXbVvMCzy1D2v7yECX1zm4b3tKragOw', '2025-03-30 17:59:36', '2025-03-27 17:59:36', '1989b1c7-ddbc-4de7-a5ff-f683d3ca88ed');
INSERT INTO `user_refresh_token` (`id`, `value`, `expired_at`, `created_at`, `accessTokenId`) VALUES ('130a7b7b-2d18-418e-8b24-3fe94f2d7f8e', 'eyJhbGciOiJIUzI1NiIsInR5cCI6IkpXVCJ9.eyJ1dWlkIjoiOWFlM2E0Y2YtZDVmZC00OTZmLWFjMmUtMDU2ZDdmYTgwM2QxIiwiaWF0IjoxNzQzODEyODg5LCJleHAiOjE3NDM4MTY0ODl9.rTkAEPX7vbo1DWXD65NDwikySCZCbizjwgW0YEhgrDE', '2025-04-08 08:28:09', '2025-04-05 08:28:09', '39ad3d83-4caf-4c1a-a473-a4eb8a9a9279');
INSERT INTO `user_refresh_token` (`id`, `value`, `expired_at`, `created_at`, `accessTokenId`) VALUES ('155da815-9dc4-4cae-8086-d9a1572c6405', 'eyJhbGciOiJIUzI1NiIsInR5cCI6IkpXVCJ9.eyJ1dWlkIjoiODBkZGMxMDktNDAwYi00ZmI4LWI5NzMtY2ZhYzg2ZmE0NmU5IiwiaWF0IjoxNzQyNDkzNjYxLCJleHAiOjE3NDI0OTcyNjF9.sP7mFAMAeYZfKAh5vrSrQOnYMRSQ0j4OtVFzFTr460Q', '2025-03-28 02:01:02', '2025-03-21 02:01:02', '3c6e60ae-ed6f-4908-8742-7e3d2bac7b3f');
INSERT INTO `user_refresh_token` (`id`, `value`, `expired_at`, `created_at`, `accessTokenId`) VALUES ('161082dc-2675-4de7-9e29-a53c4f630668', 'eyJhbGciOiJIUzI1NiIsInR5cCI6IkpXVCJ9.eyJ1dWlkIjoiZDEyMzA1NjItZmQ3YS00NGRmLWFmYTItZjBmY2ZiY2Y5OTYyIiwiaWF0IjoxNzQxMTAyODM3LCJleHAiOjE3NDExMDQ2Mzd9.U3rZ-ov_9R5yDcL41I7IIqY5Nnfm-XhBqZGzphwjCJE', '2025-03-11 23:40:38', '2025-03-04 23:40:38', 'd8529544-9f2c-4e94-964f-e4298cf52667');
INSERT INTO `user_refresh_token` (`id`, `value`, `expired_at`, `created_at`, `accessTokenId`) VALUES ('1a1ddbe8-f6c3-4323-861b-04c3cb433f13', 'eyJhbGciOiJIUzI1NiIsInR5cCI6IkpXVCJ9.eyJ1dWlkIjoiNTU2MTk1NDktMGE5Yi00ODQyLWI4NWYtMjYzYTZiZWM5NDEwIiwiaWF0IjoxNzQyNTQxODIxLCJleHAiOjE3NDI1NDU0MjF9.aAFM-sjjn4qvYYrvcNZ-SGzgceJAxp1aecL6WBWbOu0', '2025-03-28 15:23:42', '2025-03-21 15:23:42', '17a7367f-931e-4bda-a137-0b43c23ab80b');
INSERT INTO `user_refresh_token` (`id`, `value`, `expired_at`, `created_at`, `accessTokenId`) VALUES ('1f27f653-9787-4719-abc6-d0a99627c726', 'eyJhbGciOiJIUzI1NiIsInR5cCI6IkpXVCJ9.eyJ1dWlkIjoiZWFlZTg1OWItNDMyMS00NGI0LWFiYTMtODJhZWVjMDdmNjI5IiwiaWF0IjoxNzQyMjMxOTYyLCJleHAiOjE3NDIzMTgzNjJ9.xQRVsFLhWZwSx1m4gBUuZHRwgarzE4BQDi__6fKWd6o', '2025-03-18 01:19:23', '2025-03-18 01:19:23', '82664570-fd38-4b18-96c9-837b8ab4fdc1');
INSERT INTO `user_refresh_token` (`id`, `value`, `expired_at`, `created_at`, `accessTokenId`) VALUES ('1f35b70e-b41a-41fe-8fc3-a952336a22c2', 'eyJhbGciOiJIUzI1NiIsInR5cCI6IkpXVCJ9.eyJ1dWlkIjoiMGFlMzUxMDMtNDdhYS00MjI1LTlmMDEtZDJmNzQ5ZDM1YmRhIiwiaWF0IjoxNzQyNTM5MDIzLCJleHAiOjE3NDI1NDI2MjN9.trzQG7IzstPE-bx7u2S94RNM4SyxIxc1cBFfdVjfWrs', '2025-03-28 14:37:04', '2025-03-21 14:37:04', '4237b1da-047c-4c16-be6b-f6bca4bda7d5');
INSERT INTO `user_refresh_token` (`id`, `value`, `expired_at`, `created_at`, `accessTokenId`) VALUES ('214e2e5a-2c11-43e6-b74a-5426c38508e1', 'eyJhbGciOiJIUzI1NiIsInR5cCI6IkpXVCJ9.eyJ1dWlkIjoiNzlkNTU2ZDctOTJmNi00MjE0LTg4MTQtZTJhNDY2MTRhOGRkIiwiaWF0IjoxNzQzMzMyMTk0LCJleHAiOjE3NDMzMzU3OTR9.Rx1ICJBlXc-V_nySn5RuA6-_m9jw7kQN3DO-5tE_XTk', '2025-04-02 18:56:34', '2025-03-30 18:56:34', 'ef9d1a30-51ac-4fe2-8741-c61cfc18df6a');
INSERT INTO `user_refresh_token` (`id`, `value`, `expired_at`, `created_at`, `accessTokenId`) VALUES ('228dc019-3e7e-4ef7-83ae-8d92fc956794', 'eyJhbGciOiJIUzI1NiIsInR5cCI6IkpXVCJ9.eyJ1dWlkIjoiMzBlOTAxOWItYTI0OS00ZjVhLTkwOGMtYzI3ZjMyNjRhOTc2IiwiaWF0IjoxNzQ0MTAyNjc4LCJleHAiOjE3NDQxMDYyNzh9.0JtCICWn54Q62Skh1fbBpf7tcNxPglr_D_lDP6OUfzM', '2025-04-11 16:57:59', '2025-04-08 16:57:59', '2b666fd4-39e5-4acb-93c1-6ed183ae7a42');
INSERT INTO `user_refresh_token` (`id`, `value`, `expired_at`, `created_at`, `accessTokenId`) VALUES ('23df577b-bb36-4056-bc30-510b569ff1be', 'eyJhbGciOiJIUzI1NiIsInR5cCI6IkpXVCJ9.eyJ1dWlkIjoiMzE3ZDkzM2EtNTM2Ny00ZDc0LWIyNmEtYjg5MzAxNmM2OTZhIiwiaWF0IjoxNzQzOTg3MDg0LCJleHAiOjE3NDM5OTA2ODR9.toCGrgDc6HvXJjVBgkzaZPuE-_rWweFxa4-xlxG5muQ', '2025-04-10 08:51:24', '2025-04-07 08:51:24', '31e01df8-8e5d-4bd7-b9f6-17c16551eadd');
INSERT INTO `user_refresh_token` (`id`, `value`, `expired_at`, `created_at`, `accessTokenId`) VALUES ('24b507f9-dd5a-483f-a5f8-a0a49c5670f8', 'eyJhbGciOiJIUzI1NiIsInR5cCI6IkpXVCJ9.eyJ1dWlkIjoiODU5ODdhMDQtZTlhNS00YjRjLThkMDgtYjI0NWQ0MGRiNDdkIiwiaWF0IjoxNzQ0MDE0MTkwLCJleHAiOjE3NDQwMTc3OTB9.R5qdv0zxVTkwq_Y6Xo4K9H0nJrYXmNiSvNSwuiaH2XI', '2025-04-10 16:23:11', '2025-04-07 16:23:11', 'e887f352-79e5-4771-bad4-d2bd12aed1ab');
INSERT INTO `user_refresh_token` (`id`, `value`, `expired_at`, `created_at`, `accessTokenId`) VALUES ('253bd621-0f12-4860-8b78-a4ccf8b43a6c', 'eyJhbGciOiJIUzI1NiIsInR5cCI6IkpXVCJ9.eyJ1dWlkIjoiMzE5NzA1NGMtOTY3Ny00Mjc1LTlkY2YtOTRlNTU2YjZmMjk4IiwiaWF0IjoxNzQzNDMyODc1LCJleHAiOjE3NDM0MzY0NzV9.s-7RLkiZSl4s6yrtWAUPCt5KviBfeM39AawXo6_gWrw', '2025-04-03 22:54:36', '2025-03-31 22:54:36', '0e078ac5-8c44-4b2a-919e-17f6876694f6');
INSERT INTO `user_refresh_token` (`id`, `value`, `expired_at`, `created_at`, `accessTokenId`) VALUES ('29418dcc-8498-4e3d-8b65-461dc55be064', 'eyJhbGciOiJIUzI1NiIsInR5cCI6IkpXVCJ9.eyJ1dWlkIjoiMTI0ZGE4NjUtNTllZC00NTc1LTg0NjktMjAzZDQ4NjAxODNiIiwiaWF0IjoxNzQyODgxMzU1LCJleHAiOjE3NDI4ODQ5NTV9.6BkUBxrozLHpcnctAudcAhUJQetz1Bo6vfNBOYtT60w', '2025-04-01 13:42:36', '2025-03-25 13:42:36', '40c698a5-2810-440a-9752-1e4f8b5e2f16');
INSERT INTO `user_refresh_token` (`id`, `value`, `expired_at`, `created_at`, `accessTokenId`) VALUES ('2996183e-f510-4d47-9ca2-ee0be920e022', 'eyJhbGciOiJIUzI1NiIsInR5cCI6IkpXVCJ9.eyJ1dWlkIjoiNjc5MzMzYTctNmY5OS00YTNiLWExZTgtNzIxOWVlZjhlNjI3IiwiaWF0IjoxNzQzNjU5MDEzLCJleHAiOjE3NDM2NjI2MTN9.RwedpDYnrcOHo19DgA18pZ_3pRhHiVQVVIvv80sOeUc', '2025-04-06 13:43:33', '2025-04-03 13:43:33', 'abe3ab5a-bdb3-4a04-9c92-d31bdb39050b');
INSERT INTO `user_refresh_token` (`id`, `value`, `expired_at`, `created_at`, `accessTokenId`) VALUES ('2a493452-9174-4ec0-9f68-9b98aa254516', 'eyJhbGciOiJIUzI1NiIsInR5cCI6IkpXVCJ9.eyJ1dWlkIjoiZjQ2OWExNjQtMzM2MC00Mjk5LTkyMzAtZjdiYmVjOTEzMjU0IiwiaWF0IjoxNzQwODQyNjE3LCJleHAiOjE3NDA4NDQ0MTd9.CGlKasGIaoRPUdgpkeFOHPUXQZYDKxUh8TNtpkg1cpo', '2025-03-08 23:23:37', '2025-03-01 23:23:37', 'ac120602-caa0-4d19-a09c-3489e168239c');
INSERT INTO `user_refresh_token` (`id`, `value`, `expired_at`, `created_at`, `accessTokenId`) VALUES ('2bd3f400-ab5d-4e9c-acf4-e808f287c71b', 'eyJhbGciOiJIUzI1NiIsInR5cCI6IkpXVCJ9.eyJ1dWlkIjoiNWI0N2JjYWMtZDI5YS00ZWZjLTgyYTgtZDU2MTQ3ZjA0ZmUwIiwiaWF0IjoxNzQyOTcxNzI0LCJleHAiOjE3NDI5NzUzMjR9.nnWiyAoerIeODlM1a_flpToeJNZAVYhHCvm4_3awiXI', '2025-03-29 14:48:44', '2025-03-26 14:48:44', 'd516eb79-0166-41b3-80db-cef50ed39e16');
INSERT INTO `user_refresh_token` (`id`, `value`, `expired_at`, `created_at`, `accessTokenId`) VALUES ('2c0cbf33-e6df-4c31-9421-3b7f42549f66', 'eyJhbGciOiJIUzI1NiIsInR5cCI6IkpXVCJ9.eyJ1dWlkIjoiZmMzNzJlODgtZmMwYi00YzcwLThjNWUtYzdiNGNhZjMyZTVmIiwiaWF0IjoxNzQzNjQwNzAxLCJleHAiOjE3NDM2NDQzMDF9.TYVzzsliwoP_Dp9fJw2YMu9zeEy_2YRS9Irf0Gpot-g', '2025-04-06 08:38:21', '2025-04-03 08:38:21', 'a243c01c-c4b3-4c07-ba44-55550bc3ce29');
INSERT INTO `user_refresh_token` (`id`, `value`, `expired_at`, `created_at`, `accessTokenId`) VALUES ('2d7718c8-2935-4390-bbdd-b0acd2d152b9', 'eyJhbGciOiJIUzI1NiIsInR5cCI6IkpXVCJ9.eyJ1dWlkIjoiYWUzNTUwNzEtNGRkMS00YTJiLTgzYzctMzY2NmQ0Y2Q1ZDczIiwiaWF0IjoxNzQyMjc1MzE0LCJleHAiOjE3NDIzNjE3MTR9.0RbT1CJWi1BnlwmVNzQf7LKzhmVsneC-_Yi_BNHEVsA', '2025-03-18 13:21:55', '2025-03-18 13:21:55', 'e7ca5cdf-146f-4f38-b611-5ecb3b282441');
INSERT INTO `user_refresh_token` (`id`, `value`, `expired_at`, `created_at`, `accessTokenId`) VALUES ('2f94f811-abbc-4259-834d-c24690cbe28a', 'eyJhbGciOiJIUzI1NiIsInR5cCI6IkpXVCJ9.eyJ1dWlkIjoiMjJiYWY1MzgtNzlhNS00MTJiLWI2OTUtOTA0MDBjMTMwNGIwIiwiaWF0IjoxNzQzMDQyMTU5LCJleHAiOjE3NDMwNDU3NTl9.xCFg26Rd6Hm_huCAYav8m_vmF3hNit429bTb8tvKEao', '2025-03-30 10:22:40', '2025-03-27 10:22:40', '06e0d759-eba9-43b5-9930-f4bb5bdf13ff');
INSERT INTO `user_refresh_token` (`id`, `value`, `expired_at`, `created_at`, `accessTokenId`) VALUES ('2fa7ac77-b663-4684-aa49-c71f3a47fb4e', 'eyJhbGciOiJIUzI1NiIsInR5cCI6IkpXVCJ9.eyJ1dWlkIjoiYzJmNTg3NGUtYjUxNS00NTllLWIxMzYtNWU5ZmUyMGFlM2QxIiwiaWF0IjoxNzQyODI4MjY2LCJleHAiOjE3NDI4MzE4NjZ9.-Z3VaiunxFKUh5gNH-EU4d54WxExhBbKVyrNIuuBr3A', '2025-03-31 22:57:46', '2025-03-24 22:57:46', 'f5a6151b-f9d4-4a2d-a59a-23dc46097bf7');
INSERT INTO `user_refresh_token` (`id`, `value`, `expired_at`, `created_at`, `accessTokenId`) VALUES ('33a6ea22-fe25-4970-9c42-60a670c417e4', 'eyJhbGciOiJIUzI1NiIsInR5cCI6IkpXVCJ9.eyJ1dWlkIjoiOWQyYTk3ZGMtYTFmOS00YTM4LWFlM2MtM2JjYzY5M2ZiZjM0IiwiaWF0IjoxNzQzNjY3NDE4LCJleHAiOjE3NDM2NzEwMTh9.55FvhmwGofUHqfCFRZUNXZc4yvV-EUSlBS1etR1uwiA', '2025-04-06 16:03:38', '2025-04-03 16:03:38', 'a657ef7b-e544-4a1c-92aa-b4f276f5b313');
INSERT INTO `user_refresh_token` (`id`, `value`, `expired_at`, `created_at`, `accessTokenId`) VALUES ('35aefdf0-8281-401b-aa1a-3ef2d5eb1032', 'eyJhbGciOiJIUzI1NiIsInR5cCI6IkpXVCJ9.eyJ1dWlkIjoiMWEyMTc5ZjUtZDk5MC00MzhkLWFiODAtNmU5M2JmMWU3YjU2IiwiaWF0IjoxNzQ0MTMwOTA4LCJleHAiOjE3NDQxMzI3MDh9.DCGWdbLrcYAEulE-Dv8QMry8YVfCKODE4GSfGP2JGL0', '2025-04-10 00:48:28', '2025-04-09 00:48:28', '213ec7ff-5e93-4cbf-a79b-7c01a99af835');
INSERT INTO `user_refresh_token` (`id`, `value`, `expired_at`, `created_at`, `accessTokenId`) VALUES ('371b30af-c985-4374-8e76-fd26234fc033', 'eyJhbGciOiJIUzI1NiIsInR5cCI6IkpXVCJ9.eyJ1dWlkIjoiOWY0NjJhNmUtMDdkNy00NmE5LTlhNWUtMDM3NDZkNjIyMGY1IiwiaWF0IjoxNzQyNzA1NzI1LCJleHAiOjE3NDI3MDkzMjV9.flCDEzCKsuWgnnUFmhWxOvdt_0eGd7Mm66oT5TeG9Kw', '2025-03-30 12:55:25', '2025-03-23 12:55:25', 'ed3badba-f460-45fe-b853-eb3ed6e94902');
INSERT INTO `user_refresh_token` (`id`, `value`, `expired_at`, `created_at`, `accessTokenId`) VALUES ('3992d83b-3ff5-45a4-a62f-72ab15238d2c', 'eyJhbGciOiJIUzI1NiIsInR5cCI6IkpXVCJ9.eyJ1dWlkIjoiZGNjN2M3N2UtOWRjNy00NWE1LWI1Y2EtMmViZGFhYTZiZTg1IiwiaWF0IjoxNzQyNDM5MzI4LCJleHAiOjE3NDI1MjU3Mjh9.WyTS58al3FVT5IBzGYkEGLK6T2aNMVmdhguJD3US_M4', '2025-03-27 10:55:29', '2025-03-20 10:55:29', '7729205a-92f4-45de-8658-d11ecfa5a277');
INSERT INTO `user_refresh_token` (`id`, `value`, `expired_at`, `created_at`, `accessTokenId`) VALUES ('3a1c41c9-da4a-47b8-a48f-2b83e351e774', 'eyJhbGciOiJIUzI1NiIsInR5cCI6IkpXVCJ9.eyJ1dWlkIjoiY2FiNGI2ZGUtNmY1Mi00OGQxLWFhZGItZWI5ZDBkODk1YzZiIiwiaWF0IjoxNzQzNTAyNDA2LCJleHAiOjE3NDM1MDYwMDZ9.sJzWbmisX9t4Q-HOMmgLmXRRC97QXsSkE_lJd2exdhk', '2025-04-04 18:13:26', '2025-04-01 18:13:26', '2b2a5ce0-91e5-4072-af2d-9af95fc6d931');
INSERT INTO `user_refresh_token` (`id`, `value`, `expired_at`, `created_at`, `accessTokenId`) VALUES ('3a368139-97ed-4b41-b043-9144aedde987', 'eyJhbGciOiJIUzI1NiIsInR5cCI6IkpXVCJ9.eyJ1dWlkIjoiMzJjNWIyNDMtZGMxZC00YjJlLTg2NTMtNmZkYjJlY2UzMzg3IiwiaWF0IjoxNzQyODkwMjcwLCJleHAiOjE3NDI4OTM4NzB9.JPgsZm6V4l1hw-jS4tK_GjZrZTl1IiICysPkOVoNztw', '2025-04-01 16:11:11', '2025-03-25 16:11:11', '2724fce2-0953-4854-a47d-9c122ee2a1f6');
INSERT INTO `user_refresh_token` (`id`, `value`, `expired_at`, `created_at`, `accessTokenId`) VALUES ('3b191297-a690-42e2-a4de-4e7d366c64f6', 'eyJhbGciOiJIUzI1NiIsInR5cCI6IkpXVCJ9.eyJ1dWlkIjoiNmZjZjA1MzYtNDY5Zi00Y2JkLWIwN2EtZmQyZjQxODdhNDUxIiwiaWF0IjoxNzQyMTM5ODEyLCJleHAiOjE3NDIxNDE2MTJ9.0ycruqeFk9rNUyUihZC6W55oAw9fvyGRCV_dPW4_T5w', '2025-03-23 23:43:32', '2025-03-16 23:43:32', 'b530e0a4-ebd3-4198-b172-3dc6bcf7405c');
INSERT INTO `user_refresh_token` (`id`, `value`, `expired_at`, `created_at`, `accessTokenId`) VALUES ('3c11ab00-4251-4b5c-b151-5a510dc384b9', 'eyJhbGciOiJIUzI1NiIsInR5cCI6IkpXVCJ9.eyJ1dWlkIjoiYmE2YjEzOTUtOGUyMS00ZWM5LWJjZDktNTIwNWM5MThjZjhlIiwiaWF0IjoxNzQyNzEwMTI1LCJleHAiOjE3NDI3MTM3MjV9.Zye6-vvKh8dsu39ybdKO5KIBItQBt_mXec3KebRXKGQ', '2025-03-30 14:08:46', '2025-03-23 14:08:46', 'c4c7cfdd-b6cf-47f5-a585-92fd71501c13');
INSERT INTO `user_refresh_token` (`id`, `value`, `expired_at`, `created_at`, `accessTokenId`) VALUES ('3c1b3761-004d-4ea2-bf09-7db12de66bec', 'eyJhbGciOiJIUzI1NiIsInR5cCI6IkpXVCJ9.eyJ1dWlkIjoiMWJkNWJjZWEtZDljYS00ODljLWJhYjgtZWEwZjhhNTQ3NmQ1IiwiaWF0IjoxNzQzMjU3Nzk1LCJleHAiOjE3NDMyNjEzOTV9.sVvS18tHok6xI2Wjau9GYBwuPxMGLSA9qEipsVZpg3Y', '2025-04-01 22:16:36', '2025-03-29 22:16:36', 'f9f80d7c-2cb8-4c68-b8b3-5bd048149cb0');
INSERT INTO `user_refresh_token` (`id`, `value`, `expired_at`, `created_at`, `accessTokenId`) VALUES ('3dd40963-cc0b-45d4-9950-3f88fdebe11e', 'eyJhbGciOiJIUzI1NiIsInR5cCI6IkpXVCJ9.eyJ1dWlkIjoiMGYzNTVhYzktMDk2NC00OWM2LWExM2EtMGM1MGJkOTYyNmM2IiwiaWF0IjoxNzQyODkwNzI4LCJleHAiOjE3NDI4OTQzMjh9.jCLM9TZgh4gXGbyU6eH6iXGALhlSwkCDswdF0kNMAgo', '2025-04-01 16:18:48', '2025-03-25 16:18:48', 'b28bd3cd-39fe-4ce0-a84b-1522b3f93534');
INSERT INTO `user_refresh_token` (`id`, `value`, `expired_at`, `created_at`, `accessTokenId`) VALUES ('3e77d1c2-fa04-4edb-87cb-622e4e5c42ad', 'eyJhbGciOiJIUzI1NiIsInR5cCI6IkpXVCJ9.eyJ1dWlkIjoiOTlmNzliNWItZTEzOC00OTUwLTg2NzEtY2YwZGVjMDA5MzcxIiwiaWF0IjoxNzQzOTUxNzM5LCJleHAiOjE3NDM5NTUzMzl9.Ieb5JfYPYc-WNlkn0YPpujv7usUvpB3s5yvvomxim3E', '2025-04-09 23:02:20', '2025-04-06 23:02:20', '96fc7eb4-b4ad-4af2-af9d-9baca88552f2');
INSERT INTO `user_refresh_token` (`id`, `value`, `expired_at`, `created_at`, `accessTokenId`) VALUES ('3f1f4106-447b-49f1-b2a1-a951a72c0098', 'eyJhbGciOiJIUzI1NiIsInR5cCI6IkpXVCJ9.eyJ1dWlkIjoiMDhmOTUxZDgtMGMxZi00OTA1LTliZjItMTc0YTQwNTMyMjdlIiwiaWF0IjoxNzQyNDM3MDY3LCJleHAiOjE3NDI1MjM0Njd9.NqxmyweygRyF1zdyPqQZ8hcxS5q_WNkoPnqDRUREBdQ', '2025-03-27 10:17:47', '2025-03-20 10:17:47', '5d50314b-1345-4eb4-af2c-e7755f96d5cf');
INSERT INTO `user_refresh_token` (`id`, `value`, `expired_at`, `created_at`, `accessTokenId`) VALUES ('40d707b1-79dd-4446-993e-7631060c2419', 'eyJhbGciOiJIUzI1NiIsInR5cCI6IkpXVCJ9.eyJ1dWlkIjoiMmUzZDMwMzQtMjgwZi00OTA3LThiMWQtOGFiOTAzYWNmZmUyIiwiaWF0IjoxNzQ0MDA5MTA2LCJleHAiOjE3NDQwMTI3MDZ9.RaIkrwzvY2s5ASfdtVyjPcTCwLb6cx09vDWVi0KBZLs', '2025-04-10 14:58:27', '2025-04-07 14:58:27', 'aa400d73-0064-4913-9458-5eb629301bb0');
INSERT INTO `user_refresh_token` (`id`, `value`, `expired_at`, `created_at`, `accessTokenId`) VALUES ('410e27ae-4c09-46f4-9285-d0921a122f20', 'eyJhbGciOiJIUzI1NiIsInR5cCI6IkpXVCJ9.eyJ1dWlkIjoiNTdiYjZmMzEtNjNiYy00ZTJjLTk3YjUtNDJiOTRlZTFlOGFkIiwiaWF0IjoxNzQyMzE5MzA1LCJleHAiOjE3NDIzMjExMDV9.1zrUmEAbkDRz0o73boMouyyIPXQLrZVTGpMIB5rf2m0', '2025-03-26 01:35:05', '2025-03-19 01:35:05', 'ba04f7df-34db-4b4d-b99e-af887187a4c5');
INSERT INTO `user_refresh_token` (`id`, `value`, `expired_at`, `created_at`, `accessTokenId`) VALUES ('4138d3a9-df08-4a10-ad84-a920b0863405', 'eyJhbGciOiJIUzI1NiIsInR5cCI6IkpXVCJ9.eyJ1dWlkIjoiMWM2ZGE5NmMtZjYyNy00NmVhLTg4N2EtOTM0NzZlZWVmNjRhIiwiaWF0IjoxNzQwODQyNDkyLCJleHAiOjE3NDA4NDQyOTJ9.ZX3IBW63RcJTRa4e626h4Ds9ewN6h9DuNOD5ybl39rw', '2025-03-08 23:21:32', '2025-03-01 23:21:32', '2dd5a20c-8be5-49b6-9763-06169e9636ce');
INSERT INTO `user_refresh_token` (`id`, `value`, `expired_at`, `created_at`, `accessTokenId`) VALUES ('44ee27de-7d41-4b09-85cc-f1519a0b9138', 'eyJhbGciOiJIUzI1NiIsInR5cCI6IkpXVCJ9.eyJ1dWlkIjoiNDNiOWU1NDgtNmViNS00ZDlhLTk1NjgtZTM4Y2JiZDI5ODhkIiwiaWF0IjoxNzQzNDcxNTUzLCJleHAiOjE3NDM0NzUxNTN9.cPlf6-sYghvHt8og7uwYXaKBzc18Eeld1q1UOO1-Le4', '2025-04-04 09:39:13', '2025-04-01 09:39:13', '0e7daf37-6ae1-4bd6-b461-747ea5fe36e7');
INSERT INTO `user_refresh_token` (`id`, `value`, `expired_at`, `created_at`, `accessTokenId`) VALUES ('45b6df00-913f-461b-b846-fca1c30cded9', 'eyJhbGciOiJIUzI1NiIsInR5cCI6IkpXVCJ9.eyJ1dWlkIjoiMjc0YzU0MWYtYzQ1Ny00ZWVmLTk2ZTAtMGJkYmZhNmQ3N2FmIiwiaWF0IjoxNzQ0MTIzNTYwLCJleHAiOjE3NDQxMjcxNjB9.wDDumSktFXb0q0NP73YVV9iBKSIXIO8mOEfKvL56j-s', '2025-04-11 22:46:01', '2025-04-08 22:46:01', 'a7780942-d13b-4d38-9f80-ca876ac8f8ab');
INSERT INTO `user_refresh_token` (`id`, `value`, `expired_at`, `created_at`, `accessTokenId`) VALUES ('46716b69-2fc3-412e-80ae-d1b95587ab0a', 'eyJhbGciOiJIUzI1NiIsInR5cCI6IkpXVCJ9.eyJ1dWlkIjoiYTgxNGRjN2YtYWU4YS00OGUxLWI1ZWEtZTMwZTVhNDlmMTUyIiwiaWF0IjoxNzQyODY3NzU0LCJleHAiOjE3NDI4NzEzNTR9.Y-mT7GMBdv2NBnfcicJXAM0V7lJfwUkHgwbNdTqoInQ', '2025-04-01 09:55:55', '2025-03-25 09:55:55', 'ae77130b-f636-4820-89d6-a6489b6e02d1');
INSERT INTO `user_refresh_token` (`id`, `value`, `expired_at`, `created_at`, `accessTokenId`) VALUES ('478b3b37-42f3-4057-92c3-7983324c7850', 'eyJhbGciOiJIUzI1NiIsInR5cCI6IkpXVCJ9.eyJ1dWlkIjoiNTcxYmFkZGQtMjM1NC00ZTk2LTgxNjUtYTQ5MmNjMGM5OTQyIiwiaWF0IjoxNzQyNzEzNzE1LCJleHAiOjE3NDI3MTczMTV9.E2awOFUfTQItVnH4YUYr4DoY5X3-XDOxXfzv-HHilCI', '2025-03-30 15:08:35', '2025-03-23 15:08:35', '734b1b63-6074-4068-b8c3-cc0755a175d1');
INSERT INTO `user_refresh_token` (`id`, `value`, `expired_at`, `created_at`, `accessTokenId`) VALUES ('492c9bef-630d-410d-92cd-a41fe5946683', 'eyJhbGciOiJIUzI1NiIsInR5cCI6IkpXVCJ9.eyJ1dWlkIjoiYWFlYjY2NGEtNzBmMi00OTY3LWI1MzktMjc4MTYyNTEyZWU4IiwiaWF0IjoxNzQ0MDM4Nzc4LCJleHAiOjE3NDQwNDIzNzh9.fMmTXDksZl_nbJQj5msjMhrn5NYWlOEhc7ibKC5FVv8', '2025-04-10 23:12:59', '2025-04-07 23:12:59', '68c022e3-3b6d-4aee-9e75-ec9a03c0c0b9');
INSERT INTO `user_refresh_token` (`id`, `value`, `expired_at`, `created_at`, `accessTokenId`) VALUES ('4b6aa4c4-cd0d-4aef-96d4-fc3e3be40e04', 'eyJhbGciOiJIUzI1NiIsInR5cCI6IkpXVCJ9.eyJ1dWlkIjoiZjQwMDE3MzYtZGYxNS00MWNiLTgxYjItYjMwNTU4NTM1YzNkIiwiaWF0IjoxNzQzNTg3MTI1LCJleHAiOjE3NDM1OTA3MjV9.s9jKf08JzEUgiIPHEr4snfeGz5J-0UhwD8Xjmfef2VI', '2025-04-05 17:45:26', '2025-04-02 17:45:26', '12e6a840-7acd-40f5-af77-9b05b10eddd3');
INSERT INTO `user_refresh_token` (`id`, `value`, `expired_at`, `created_at`, `accessTokenId`) VALUES ('4bf59d53-5ec9-4221-8efc-295ca955fbd4', 'eyJhbGciOiJIUzI1NiIsInR5cCI6IkpXVCJ9.eyJ1dWlkIjoiMzViMjAxMDgtYmNiOC00ZTNlLTkzODktZjI0ZTBiNTMyNDg4IiwiaWF0IjoxNzQ0MDE3NDc4LCJleHAiOjE3NDQwMjEwNzh9.ave_y45giD_rluVMLx-3Zb8jsOcrq35honZdGkTo60s', '2025-04-10 17:17:58', '2025-04-07 17:17:58', 'ec5ed903-3e2b-4be9-8ce8-a45351a19f49');
INSERT INTO `user_refresh_token` (`id`, `value`, `expired_at`, `created_at`, `accessTokenId`) VALUES ('4d307146-f77e-4e0f-bcd4-d1cf474aba6d', 'eyJhbGciOiJIUzI1NiIsInR5cCI6IkpXVCJ9.eyJ1dWlkIjoiMjY0YzQ2ZGYtNDYzYy00OTQ0LWExN2QtM2NmNmM1OWQwODljIiwiaWF0IjoxNzQzNzAwNTgxLCJleHAiOjE3NDM3MDQxODF9.p7vFV5Zp0bIaXY-C1XE3Q9Qq9xPqYv4zIfkpSYhUsKU', '2025-04-07 01:16:22', '2025-04-04 01:16:22', '61d1ea9d-f44c-4110-9c9f-8b8fab4f55da');
INSERT INTO `user_refresh_token` (`id`, `value`, `expired_at`, `created_at`, `accessTokenId`) VALUES ('4f0939e8-50c5-4a9c-8a17-2999972ed4ba', 'eyJhbGciOiJIUzI1NiIsInR5cCI6IkpXVCJ9.eyJ1dWlkIjoiYTFiMjRlNGMtN2E4ZC00YjczLTgzOTEtOTNiOTNkMDYzZjQwIiwiaWF0IjoxNzQzMzQyOTYwLCJleHAiOjE3NDMzNDY1NjB9.XdvIptE0PoS04eSz2l_XqPQxXrB-obTaXFcmi3SQNnc', '2025-04-02 21:56:00', '2025-03-30 21:56:00', '254a302a-7dd0-4e7f-9cc9-d2e64b8f8d27');
INSERT INTO `user_refresh_token` (`id`, `value`, `expired_at`, `created_at`, `accessTokenId`) VALUES ('4f2dcdf3-30c8-4a87-92c9-b2ff0d5147c5', 'eyJhbGciOiJIUzI1NiIsInR5cCI6IkpXVCJ9.eyJ1dWlkIjoiOWNkODRhMjQtMDQyZC00NDRhLTk3MzctMzFiOWEyNzBkNDM3IiwiaWF0IjoxNzQyNjk4NTY0LCJleHAiOjE3NDI3MDIxNjR9.k0xNHN28mG5dXJut6Anbg9SIxpl8st7TlCuV6pbkekw', '2025-03-30 10:56:05', '2025-03-23 10:56:05', '5d102ef6-18ff-47d5-91cc-8c6111de391d');
INSERT INTO `user_refresh_token` (`id`, `value`, `expired_at`, `created_at`, `accessTokenId`) VALUES ('4fb229ae-da70-4b54-8f2c-884a0e9cda8f', 'eyJhbGciOiJIUzI1NiIsInR5cCI6IkpXVCJ9.eyJ1dWlkIjoiNWFmMTM4ZTItMWRmZS00OWNjLWIxZTQtNjRiMTI5NGRmNDk3IiwiaWF0IjoxNzQzNTk5MjQ2LCJleHAiOjE3NDM2MDI4NDZ9.VhtkSNSdxO23KsHJy0lKOyguZaNcQMVjZW74Ilj9pPc', '2025-04-05 21:07:26', '2025-04-02 21:07:26', '8c46680e-513d-4317-83b8-3c5846bfcc14');
INSERT INTO `user_refresh_token` (`id`, `value`, `expired_at`, `created_at`, `accessTokenId`) VALUES ('5146f65e-2f23-4a75-be4f-ea45d1107c1a', 'eyJhbGciOiJIUzI1NiIsInR5cCI6IkpXVCJ9.eyJ1dWlkIjoiZWExOGFhMGEtMzFlMy00NmRkLTgyZGQtNzJmMmY1ZjA5MmIxIiwiaWF0IjoxNzQyMjMwMjI5LCJleHAiOjE3NDIzMTY2Mjl9.HJ6DEC3lpCmi2yoKnkyafLwO4CTYG436yiP9a1nACeg', '2025-03-17 16:50:30', '2025-03-17 16:50:30', '5e986c1b-4f11-4464-9595-3adce81f153f');
INSERT INTO `user_refresh_token` (`id`, `value`, `expired_at`, `created_at`, `accessTokenId`) VALUES ('54b79bfc-644f-4896-a285-ee088c5920cf', 'eyJhbGciOiJIUzI1NiIsInR5cCI6IkpXVCJ9.eyJ1dWlkIjoiOGNlZjVjNWEtMDczMC00YmQxLWIxMDQtZmE0M2ZkOTFiOTU2IiwiaWF0IjoxNzQyMjc1MDU4LCJleHAiOjE3NDIzNjE0NTh9.invQLJIDBkmGGESklDfmsa-ovCL0AR5AOG-OE1qJiuo', '2025-03-18 13:17:39', '2025-03-18 13:17:39', '053bb242-6b73-4173-9358-98c6275e1ec9');
INSERT INTO `user_refresh_token` (`id`, `value`, `expired_at`, `created_at`, `accessTokenId`) VALUES ('555caeb7-4a8e-4b44-b12f-07e5b0daca5c', 'eyJhbGciOiJIUzI1NiIsInR5cCI6IkpXVCJ9.eyJ1dWlkIjoiZGRkZDFkMWYtYWVkZC00NmMyLTg5MjYtM2VjYmM3MjMyMjZlIiwiaWF0IjoxNzQyNDkzODI1LCJleHAiOjE3NDI0OTc0MjV9.lxsoPYxfCiW7C6KzuQUxyI9AiPPSJt9cm9-oD7d3Ckk', '2025-03-28 02:03:45', '2025-03-21 02:03:45', '64c7dc26-7391-491b-a23f-4870e94ca12b');
INSERT INTO `user_refresh_token` (`id`, `value`, `expired_at`, `created_at`, `accessTokenId`) VALUES ('56e536d4-b848-498f-989b-5b6e6698e461', 'eyJhbGciOiJIUzI1NiIsInR5cCI6IkpXVCJ9.eyJ1dWlkIjoiYjdhZjI4Y2QtZmYwYi00ODkwLWI4YTEtOWRhZDg2ZmYzZDI5IiwiaWF0IjoxNzQyODg5NTEyLCJleHAiOjE3NDI4OTMxMTJ9.yPxPKRFU8B0wITh1gCTn8GdLxJD-9eP9g81BVzHGa8c', '2025-04-01 15:58:32', '2025-03-25 15:58:32', 'c5478a4a-31dd-444a-a577-b535f9b3a02e');
INSERT INTO `user_refresh_token` (`id`, `value`, `expired_at`, `created_at`, `accessTokenId`) VALUES ('579f277b-9f02-4341-bb99-2d22fb1cbdd3', 'eyJhbGciOiJIUzI1NiIsInR5cCI6IkpXVCJ9.eyJ1dWlkIjoiMzMyNzdmOTQtOWI1Ny00NDE0LWE4YzgtOGMxZjU1ODRlNTQ1IiwiaWF0IjoxNzQzMzEwMTkxLCJleHAiOjE3NDMzMTM3OTF9.8RTZp3vQv3MckRDdTIy4uDJugdJajQxQAm1Zbq52aI0', '2025-04-02 12:49:51', '2025-03-30 12:49:51', '31315edc-105b-4ac8-9ecd-8eb98a9fa0e0');
INSERT INTO `user_refresh_token` (`id`, `value`, `expired_at`, `created_at`, `accessTokenId`) VALUES ('5b9c1295-1188-4a62-9cb5-0a4e429b124f', 'eyJhbGciOiJIUzI1NiIsInR5cCI6IkpXVCJ9.eyJ1dWlkIjoiNTJiNTk1Y2EtOTE3Mi00MGE4LWJkOTQtM2JlNTYxNTNmOGUxIiwiaWF0IjoxNzQyNTc0OTA1LCJleHAiOjE3NDI1Nzg1MDV9.XzdmgMFOmXdbgZkcpID9GzamHTIKygBdIO3qDJC_6eU', '2025-03-29 00:35:05', '2025-03-22 00:35:05', 'ad3f915d-0fa9-4677-bd10-8bd53e37d3c4');
INSERT INTO `user_refresh_token` (`id`, `value`, `expired_at`, `created_at`, `accessTokenId`) VALUES ('5baedc44-4b00-4092-9323-48e165b413c8', 'eyJhbGciOiJIUzI1NiIsInR5cCI6IkpXVCJ9.eyJ1dWlkIjoiZGNlNDNlYmYtYTYxMS00MWViLTk3YzMtMmMxZWM0ZmZiYTAzIiwiaWF0IjoxNzQyODk3NTM4LCJleHAiOjE3NDI5MDExMzh9.NdF0WIbIIGSWJ1p4h325dvyq-oyjcu3mPxVQ0zW3SXI', '2025-04-01 18:12:19', '2025-03-25 18:12:19', '684b55df-4001-4c74-94cf-d6d2205d05fc');
INSERT INTO `user_refresh_token` (`id`, `value`, `expired_at`, `created_at`, `accessTokenId`) VALUES ('5cc56e3f-cda8-4a78-b5a0-81c4a3f21ec6', 'eyJhbGciOiJIUzI1NiIsInR5cCI6IkpXVCJ9.eyJ1dWlkIjoiMjMwNTBjOTQtMDM3NC00M2E4LTk5NzMtYjY5MGM2ZmFhZDgwIiwiaWF0IjoxNzQyMjY5NjgyLCJleHAiOjE3NDIzNTYwODJ9.Azkck7sShAgCL2PA2A0L1YwLNPH3r6WIzeFbcn-hKXA', '2025-03-18 11:48:03', '2025-03-18 11:48:03', '36b939a7-f9d4-4aa9-8a92-de4a5f03b1ca');
INSERT INTO `user_refresh_token` (`id`, `value`, `expired_at`, `created_at`, `accessTokenId`) VALUES ('5de7db23-b942-4760-a4e1-c963d8e63600', 'eyJhbGciOiJIUzI1NiIsInR5cCI6IkpXVCJ9.eyJ1dWlkIjoiODM4YjU2MGUtNTA3MC00ZDc4LTlkZmItMGZmN2ZkYzgyNDEwIiwiaWF0IjoxNzQ0MDE5NDAxLCJleHAiOjE3NDQwMjMwMDF9.tLmsJAAJco68TvKqmNpwGbTtGOPzKzz9nmz2yB9DoeE', '2025-04-10 17:50:01', '2025-04-07 17:50:01', '7a155f83-9144-4b26-a94b-c93441ec92f8');
INSERT INTO `user_refresh_token` (`id`, `value`, `expired_at`, `created_at`, `accessTokenId`) VALUES ('610b502c-f286-49fe-98d8-3c5f01dc9f1c', 'eyJhbGciOiJIUzI1NiIsInR5cCI6IkpXVCJ9.eyJ1dWlkIjoiYjhlNzVjNTgtYzdkYS00NTZiLWFjMjItMThlYTFjZTc0MGY4IiwiaWF0IjoxNzQzNDUzMTgyLCJleHAiOjE3NDM0NTY3ODJ9.55Z_Ep_xxqJlCFQUlfY4VO5gfdPj-qGTe5RovDVksuw', '2025-04-04 04:33:02', '2025-04-01 04:33:02', '745451bd-4b4c-43aa-baac-8a26da0c831a');
INSERT INTO `user_refresh_token` (`id`, `value`, `expired_at`, `created_at`, `accessTokenId`) VALUES ('614c2616-5498-4b93-86bc-52e7e15bcb80', 'eyJhbGciOiJIUzI1NiIsInR5cCI6IkpXVCJ9.eyJ1dWlkIjoiMjFjNmU0NzItOGY5NS00YzU1LThkMDktZDMyZjUxYTk2NGU2IiwiaWF0IjoxNzQ0MDc0MTY1LCJleHAiOjE3NDQwNzc3NjV9.PgYfwbBq-QiLnrNs73g2Vry4xCNWo6nSB9oG_vHDnkg', '2025-04-11 09:02:45', '2025-04-08 09:02:45', 'c06e2094-2853-4842-9e52-9a35e5aad2c1');
INSERT INTO `user_refresh_token` (`id`, `value`, `expired_at`, `created_at`, `accessTokenId`) VALUES ('63be98d9-b00d-497a-b08a-806e1c92122c', 'eyJhbGciOiJIUzI1NiIsInR5cCI6IkpXVCJ9.eyJ1dWlkIjoiMzdlMmJjOTEtZWE4Zi00N2E5LTk2ZDktYmE3N2VmMjNlNmI1IiwiaWF0IjoxNzQyMjg4MDMxLCJleHAiOjE3NDIzNzQ0MzF9.VelQe1uP_o3zvtZJpSvx0slxghpvlhLjP5qpGugbLpY', '2025-03-18 16:53:52', '2025-03-18 16:53:52', '9f2f5bbb-630b-45ce-83ee-aa676f065146');
INSERT INTO `user_refresh_token` (`id`, `value`, `expired_at`, `created_at`, `accessTokenId`) VALUES ('63d00aa9-8b24-4ba8-8c76-e8e1332b2e18', 'eyJhbGciOiJIUzI1NiIsInR5cCI6IkpXVCJ9.eyJ1dWlkIjoiNTIzYjE3MGEtMzI5Mi00MGQ1LTk1ZmMtYzI3MDlkMmJhZjA2IiwiaWF0IjoxNzQzNTc2MTMxLCJleHAiOjE3NDM1Nzk3MzF9.Y7lKLKKzWVaMJjfSmGkT5eERWIsVFjyc00ukWMWy_0U', '2025-04-05 14:42:11', '2025-04-02 14:42:11', '926081c7-b5a8-42f7-8ded-408612c7d7de');
INSERT INTO `user_refresh_token` (`id`, `value`, `expired_at`, `created_at`, `accessTokenId`) VALUES ('6619d72f-2f58-49cc-bdfa-b1b0f665c88e', 'eyJhbGciOiJIUzI1NiIsInR5cCI6IkpXVCJ9.eyJ1dWlkIjoiODBjNjhiMWItMWM5Mi00YThkLTlhZmYtMDhiNDg3MGUyZGI3IiwiaWF0IjoxNzQyNTUyODgwLCJleHAiOjE3NDI1NTY0ODB9.iqjSrsKlJbT32gAjcDfgnAxp0CMiNdlHBDC0b_rP83s', '2025-03-28 18:28:00', '2025-03-21 18:28:00', 'c4ca68da-bd19-42b0-a3b5-1fec972c5a68');
INSERT INTO `user_refresh_token` (`id`, `value`, `expired_at`, `created_at`, `accessTokenId`) VALUES ('6649b7be-1da2-426a-acbf-9603ba210710', 'eyJhbGciOiJIUzI1NiIsInR5cCI6IkpXVCJ9.eyJ1dWlkIjoiYTIwNDk2ZDktNzE0Ni00YjY5LTg2MTUtZjRlZDY1YzQ4N2FhIiwiaWF0IjoxNzQzNDcyNzQwLCJleHAiOjE3NDM0NzYzNDB9.kFyfxuAoiT-UfBByfFHk1BbT9p6NnmgzVfVD0Vn8vE4', '2025-04-04 09:59:00', '2025-04-01 09:59:00', 'a43ba65c-95d5-4769-8496-f5b9cd1261ae');
INSERT INTO `user_refresh_token` (`id`, `value`, `expired_at`, `created_at`, `accessTokenId`) VALUES ('6688b826-20ff-4380-acc3-adcc8e6399e2', 'eyJhbGciOiJIUzI1NiIsInR5cCI6IkpXVCJ9.eyJ1dWlkIjoiZmYzODA3ZTUtYTY5NC00NDQ4LWExOTAtNzI1MTZjNjYwNzIyIiwiaWF0IjoxNzQwODQ0MDgyLCJleHAiOjE3NDA4NDU4ODJ9.k2ZsqpdigI4AuUdQR2ZrdwnD6yKf8_m6DE15GCMq9BQ', '2025-03-08 23:48:03', '2025-03-01 23:48:03', '492c8e63-4d75-4e1d-b83b-a0b92fb86ab5');
INSERT INTO `user_refresh_token` (`id`, `value`, `expired_at`, `created_at`, `accessTokenId`) VALUES ('67917381-b6cf-4299-8559-3078c8546148', 'eyJhbGciOiJIUzI1NiIsInR5cCI6IkpXVCJ9.eyJ1dWlkIjoiYWMxMTQwYTYtOGZjNi00ZjJjLWIzOTktZjJkODAxNDM0ZTEwIiwiaWF0IjoxNzQzMzQyOTU2LCJleHAiOjE3NDMzNDY1NTZ9.CoFTt5ACDSgzVGcJbL-XLIhu4RYs-nHgVwTWzdjIuzA', '2025-04-02 21:55:57', '2025-03-30 21:55:57', 'a5bc2d41-1ad9-41de-94be-20af446fbb5f');
INSERT INTO `user_refresh_token` (`id`, `value`, `expired_at`, `created_at`, `accessTokenId`) VALUES ('6aabd83c-ec79-48f8-8ca4-31a91151a382', 'eyJhbGciOiJIUzI1NiIsInR5cCI6IkpXVCJ9.eyJ1dWlkIjoiYjUxZTg4ZjItNjMxMy00MzU1LThjYTktNDVhZjcyOTkwZjg4IiwiaWF0IjoxNzQyNzA4OTgxLCJleHAiOjE3NDI3MTI1ODF9.9V22QRbduM1ju0DrgAM-PRTWsvnUxyXJcByn4j2x1WY', '2025-03-30 13:49:42', '2025-03-23 13:49:42', '5202a210-f1df-4b6e-a9ba-b38dde96452b');
INSERT INTO `user_refresh_token` (`id`, `value`, `expired_at`, `created_at`, `accessTokenId`) VALUES ('6ac63574-d684-4698-bb1b-dcc33efc8d54', 'eyJhbGciOiJIUzI1NiIsInR5cCI6IkpXVCJ9.eyJ1dWlkIjoiOTQ0YjQ3ZmUtNTJlOC00ZGQ5LWJjYzYtM2QxNjE0MTNjM2NkIiwiaWF0IjoxNzQxMTkwOTU3LCJleHAiOjE3NDExOTI3NTd9.9CpJ0w3lO1jwn9QAHxTby4QBILBXcNVbLmirXIk-SRs', '2025-03-13 00:09:18', '2025-03-06 00:09:18', '6f7c20a4-1510-4dfe-8fdb-1ced23f00cd8');
INSERT INTO `user_refresh_token` (`id`, `value`, `expired_at`, `created_at`, `accessTokenId`) VALUES ('6ac9bd50-51c6-4d8c-b4cc-17766e4624d3', 'eyJhbGciOiJIUzI1NiIsInR5cCI6IkpXVCJ9.eyJ1dWlkIjoiMzkyZGJkNmQtNGVlNC00ZGIxLTlkZmYtZjkyMTg5MWZjMzcyIiwiaWF0IjoxNzQyOTEwODg0LCJleHAiOjE3NDI5MTQ0ODR9.RikdSY0DCX-IlQ0BKNH6AOgs3l0UgQiVCO6acW73IKE', '2025-04-01 21:54:45', '2025-03-25 21:54:45', '07435262-9668-4248-986e-11084090d39b');
INSERT INTO `user_refresh_token` (`id`, `value`, `expired_at`, `created_at`, `accessTokenId`) VALUES ('6dbdbc0e-5b5d-41f2-94db-8480aeb2cfe2', 'eyJhbGciOiJIUzI1NiIsInR5cCI6IkpXVCJ9.eyJ1dWlkIjoiNDczNDRmZjQtMGEzYi00MDhlLWJlNDEtOGI1NDlhZjhjZTUxIiwiaWF0IjoxNzQzMzQwOTYzLCJleHAiOjE3NDMzNDQ1NjN9.2Fwo8IdGj7RAY-36rFrfNrSooMI5nl4w9fsYStDQfxw', '2025-04-02 21:22:44', '2025-03-30 21:22:44', '74d327a4-c6b5-4c65-a922-8c62223dfc38');
INSERT INTO `user_refresh_token` (`id`, `value`, `expired_at`, `created_at`, `accessTokenId`) VALUES ('6fa41dee-8a8d-4729-90f4-3c28fd9d2ea4', 'eyJhbGciOiJIUzI1NiIsInR5cCI6IkpXVCJ9.eyJ1dWlkIjoiOGQ0YzA5NGMtMDM3ZC00NDNiLWJiOTAtMThlYTcwNDU0MzU0IiwiaWF0IjoxNzQzNDAyMDg5LCJleHAiOjE3NDM0MDU2ODl9.TCkTcaAxMmWTNGXZTOZzwxX5BQoKFcnV9rvH-B-w9iE', '2025-04-03 14:21:29', '2025-03-31 14:21:29', 'f6b8eed7-aa44-4e98-b0af-71eb8e582d31');
INSERT INTO `user_refresh_token` (`id`, `value`, `expired_at`, `created_at`, `accessTokenId`) VALUES ('707794d4-7e9b-4d7e-8130-0cd9ec4f827a', 'eyJhbGciOiJIUzI1NiIsInR5cCI6IkpXVCJ9.eyJ1dWlkIjoiNDUwMmQ4MzgtMWQ1Zi00YmJmLWJmNGUtNzE4ZGZkMGYzYTA0IiwiaWF0IjoxNzQyMjYwNTg0LCJleHAiOjE3NDIzNDY5ODR9.piJwr11kUtTolDh0gQSVDqSQQvA08t8ja3XccpQL5tI', '2025-03-18 09:16:24', '2025-03-18 09:16:24', '695707e5-0697-4ecf-9f0f-a6d08194eeda');
INSERT INTO `user_refresh_token` (`id`, `value`, `expired_at`, `created_at`, `accessTokenId`) VALUES ('71095cbc-98b4-4f2a-a523-f496c0d6567f', 'eyJhbGciOiJIUzI1NiIsInR5cCI6IkpXVCJ9.eyJ1dWlkIjoiYmFjYTc1ZmMtODNmOS00Y2QwLWJhMjgtZDQxYjZjMGY1MjdmIiwiaWF0IjoxNzQyNzc5MDU3LCJleHAiOjE3NDI3ODI2NTd9.VNnw_SRivYXd0MQJYApNUgXHc0WJWfzKhclWnyGzGKA', '2025-03-31 09:17:38', '2025-03-24 09:17:38', '3d259e10-2128-489a-a08e-78648bfafc23');
INSERT INTO `user_refresh_token` (`id`, `value`, `expired_at`, `created_at`, `accessTokenId`) VALUES ('74c3ef05-d643-46cf-b426-7e995517a9bd', 'eyJhbGciOiJIUzI1NiIsInR5cCI6IkpXVCJ9.eyJ1dWlkIjoiMjVlYzY2YmEtZGQ2NS00MjJkLThlNjgtOTQ3NzBhOGNmZjVjIiwiaWF0IjoxNzQzNTc4ODIxLCJleHAiOjE3NDM1ODI0MjF9.33aDCyDt_fVjW8rTuWyGQhpKWzJBZsXeCE2_BOA_r3k', '2025-04-05 15:27:01', '2025-04-02 15:27:01', '04c0efc3-9634-48d9-8c74-435c84f187c6');
INSERT INTO `user_refresh_token` (`id`, `value`, `expired_at`, `created_at`, `accessTokenId`) VALUES ('752e2ca2-2498-493a-a6f9-455ef508ff77', 'eyJhbGciOiJIUzI1NiIsInR5cCI6IkpXVCJ9.eyJ1dWlkIjoiNmM5ODBjODktNmQ4ZC00NDZjLWIzNWItOWE4OWE0NDczNjA3IiwiaWF0IjoxNzQyNDQwNzU3LCJleHAiOjE3NDI1MjcxNTd9.QIwfz6WHimGpx6kboSmlh2crmaJ7YPJcOC6MTSQFxjA', '2025-03-27 11:19:18', '2025-03-20 11:19:18', '9ede44ca-3250-4072-ba9e-89458581dbc9');
INSERT INTO `user_refresh_token` (`id`, `value`, `expired_at`, `created_at`, `accessTokenId`) VALUES ('7578f34d-afd9-439d-bcf7-181156626d22', 'eyJhbGciOiJIUzI1NiIsInR5cCI6IkpXVCJ9.eyJ1dWlkIjoiMGZhMzc4YzYtMmUxOS00ZjFiLWEwZjYtNDZhNzA4NDBlMGYxIiwiaWF0IjoxNzQyNDUwODQ3LCJleHAiOjE3NDI1MzcyNDd9.zTWD7fF6T_gZv_wG8V6L8dZkoAd7tD0SerKxtkDrdEg', '2025-03-27 14:07:27', '2025-03-20 14:07:27', '100a798f-99e4-47b1-afb5-c69c0fa8f3f6');
INSERT INTO `user_refresh_token` (`id`, `value`, `expired_at`, `created_at`, `accessTokenId`) VALUES ('7586940b-f5af-45bc-a1b6-a32526f9d35f', 'eyJhbGciOiJIUzI1NiIsInR5cCI6IkpXVCJ9.eyJ1dWlkIjoiZWI5M2Q0YjQtNjkxMy00NjRkLThmNjgtNGUxNzcwYjU0YTBmIiwiaWF0IjoxNzQyODgwOTc1LCJleHAiOjE3NDI4ODQ1NzV9.S-zYuY7b7K1UmDH5u5Eie9FJlpADzeShgfZJzlOPr1Y', '2025-04-01 13:36:15', '2025-03-25 13:36:15', 'a3c8b6ef-7a0b-499d-8086-a6d2dc66f691');
INSERT INTO `user_refresh_token` (`id`, `value`, `expired_at`, `created_at`, `accessTokenId`) VALUES ('75e81d09-94e8-450c-b1a4-ebb40b3b9627', 'eyJhbGciOiJIUzI1NiIsInR5cCI6IkpXVCJ9.eyJ1dWlkIjoiYjk1OTU5NzAtNDA3Yi00MDBlLWI0ODgtY2NhMjU3OWNkOWU4IiwiaWF0IjoxNzQzNzg0Mjc4LCJleHAiOjE3NDM3ODc4Nzh9.o-rqT48I4qIcd0OyaBM8q5jAm3SjQFjOcfMhyKw5n4Y', '2025-04-08 00:31:18', '2025-04-05 00:31:18', 'aaf6aef0-7a9d-422b-8c73-7c0b2243fc64');
INSERT INTO `user_refresh_token` (`id`, `value`, `expired_at`, `created_at`, `accessTokenId`) VALUES ('766feaf8-d75c-4a2c-b854-be878957a85b', 'eyJhbGciOiJIUzI1NiIsInR5cCI6IkpXVCJ9.eyJ1dWlkIjoiNDMzNjYyZDQtNmQyOC00ZGZhLWE2ZmQtODRjMzNmNTY5YTgzIiwiaWF0IjoxNzQzNzAwNTUzLCJleHAiOjE3NDM3MDQxNTN9.mNRNoywNw6BNaQ-4ERWutZZ5-ZYBYoe1sNpyDlgoWKI', '2025-04-07 01:15:54', '2025-04-04 01:15:54', '3799cf15-4ace-42c3-b920-cc49ef7c8eba');
INSERT INTO `user_refresh_token` (`id`, `value`, `expired_at`, `created_at`, `accessTokenId`) VALUES ('77779060-207f-469d-8b47-3396b5b77983', 'eyJhbGciOiJIUzI1NiIsInR5cCI6IkpXVCJ9.eyJ1dWlkIjoiNGI4YzkyNWYtZjk0Yy00YzkzLTk2MDQtOTJhMTc5ZDNhNGZhIiwiaWF0IjoxNzQzNTg2MDk0LCJleHAiOjE3NDM1ODk2OTR9.JreYGqsenz4bJ2drXsnupKBr5lwmpjtcN7BIVIjYR0Y', '2025-04-05 17:28:14', '2025-04-02 17:28:14', 'af9fb985-408c-454b-b5a9-52d2e77b9b1e');
INSERT INTO `user_refresh_token` (`id`, `value`, `expired_at`, `created_at`, `accessTokenId`) VALUES ('7acd6568-f407-4993-9509-b1d64f03d57b', 'eyJhbGciOiJIUzI1NiIsInR5cCI6IkpXVCJ9.eyJ1dWlkIjoiNDNiMjY5YTMtOWFjNi00YWIxLWIxMGYtZjMwYTIzOGRhN2I3IiwiaWF0IjoxNzQzNDkzMDgzLCJleHAiOjE3NDM0OTY2ODN9.bPHFduf3F2jsKkUk2MX31r2cWfeNaEUR-gmw9kIz3lg', '2025-04-04 15:38:04', '2025-04-01 15:38:04', '340bd91e-a4ec-466f-812a-54f4984e00de');
INSERT INTO `user_refresh_token` (`id`, `value`, `expired_at`, `created_at`, `accessTokenId`) VALUES ('7d020fbd-de81-4d10-b6b7-59aa4480bef0', 'eyJhbGciOiJIUzI1NiIsInR5cCI6IkpXVCJ9.eyJ1dWlkIjoiOWQzZmMwODItMWUxNy00MDc1LWEzMTQtN2FmYjE5NzE3ZmE2IiwiaWF0IjoxNzQzMzM3MTU2LCJleHAiOjE3NDMzNDA3NTZ9.VumdbOPIgRqKYFPjUKk0iO6fpTd-GGcWUyOg77Vmud4', '2025-04-02 20:19:16', '2025-03-30 20:19:16', 'e309476e-96f9-4c01-b7e2-0b00abbaf000');
INSERT INTO `user_refresh_token` (`id`, `value`, `expired_at`, `created_at`, `accessTokenId`) VALUES ('7d23407a-b579-4641-b2fa-b11936c0a53e', 'eyJhbGciOiJIUzI1NiIsInR5cCI6IkpXVCJ9.eyJ1dWlkIjoiNjA1MWM5YTYtZjcxYy00MjFjLTg2YzUtMDY4YjBjZDM4YjViIiwiaWF0IjoxNzQyNzEwMjcxLCJleHAiOjE3NDI3MTM4NzF9.f9ek2ENptjH-CoAOwDq9uzuNgk0MdPUkWbrtPEJm_Xs', '2025-03-30 14:11:11', '2025-03-23 14:11:11', '319af595-fc7f-420d-9fc0-5effca13c593');
INSERT INTO `user_refresh_token` (`id`, `value`, `expired_at`, `created_at`, `accessTokenId`) VALUES ('816e6b80-e4fc-4255-989b-315925a62a47', 'eyJhbGciOiJIUzI1NiIsInR5cCI6IkpXVCJ9.eyJ1dWlkIjoiYzY1OWVkN2EtZjU4NS00MzFiLTllZWEtYTUzNmM4YjYxMzFmIiwiaWF0IjoxNzQxODgwNjAwLCJleHAiOjE3NDE4ODI0MDB9.hh3jFem1BKOC3AYeRyDNOTJqstoylDnyfS9FNnod3wQ', '2025-03-20 23:43:21', '2025-03-13 23:43:21', 'e0e4f847-cdb9-4047-a719-af3e1a19cd9e');
INSERT INTO `user_refresh_token` (`id`, `value`, `expired_at`, `created_at`, `accessTokenId`) VALUES ('81be5491-0c02-4c86-9e76-66ac75664151', 'eyJhbGciOiJIUzI1NiIsInR5cCI6IkpXVCJ9.eyJ1dWlkIjoiMzFmOTU1YzctOGUyMC00YmQzLWI2N2ItYTA0ODkyMTNmN2ExIiwiaWF0IjoxNzQyNzkyNjg3LCJleHAiOjE3NDI3OTYyODd9.Z7pQIN4N6Tgr7J_1wPn20jJ5PSUDNmC06c5ezmmpGqk', '2025-03-31 13:04:48', '2025-03-24 13:04:48', '1813ce97-2eed-481f-baef-5377940a7f78');
INSERT INTO `user_refresh_token` (`id`, `value`, `expired_at`, `created_at`, `accessTokenId`) VALUES ('833e52ec-5c73-48fb-a624-23dc1d531f5e', 'eyJhbGciOiJIUzI1NiIsInR5cCI6IkpXVCJ9.eyJ1dWlkIjoiYjE4NzQ0MTktYWM1Yy00ZmQxLWJlMDgtZWQ0MzA2MDJkYzI1IiwiaWF0IjoxNzQyNDU4ODg0LCJleHAiOjE3NDI1NDUyODR9.yYjzenCBr_IEibYgiroosmBqNsY8vgLTx4t-X561_HY', '2025-03-27 16:21:24', '2025-03-20 16:21:24', '0dd0cd40-96e7-40a6-97f1-b6f58d7836bc');
INSERT INTO `user_refresh_token` (`id`, `value`, `expired_at`, `created_at`, `accessTokenId`) VALUES ('833fcb58-3b7e-4219-8ce3-16cef2e7702c', 'eyJhbGciOiJIUzI1NiIsInR5cCI6IkpXVCJ9.eyJ1dWlkIjoiZDQ0NDkyOTMtYjQ5ZC00M2E3LWFiMDYtZGRmOTA4NDg5OGU5IiwiaWF0IjoxNzQyMjkwOTQ0LCJleHAiOjE3NDIzNzczNDR9.tlyNYdvI3OGTyu39_6QNz3rm9aUdF9zb10yiLCf8a8A', '2025-03-18 17:42:25', '2025-03-18 17:42:25', '07d25aa2-35b3-469c-b10a-f13c1cc99844');
INSERT INTO `user_refresh_token` (`id`, `value`, `expired_at`, `created_at`, `accessTokenId`) VALUES ('841d8e11-0f14-4729-9e5a-f11e48ca5874', 'eyJhbGciOiJIUzI1NiIsInR5cCI6IkpXVCJ9.eyJ1dWlkIjoiMmQzOGIzMGYtMWUyOC00MDY5LWI4ODAtYTJmMzcxZmY4MjIzIiwiaWF0IjoxNzQyNTIwMTUxLCJleHAiOjE3NDI1MjM3NTF9.P9hK_ZoSgW-HJYVaa6yH_tNx-mLojp6ort3bSKVhgQc', '2025-03-28 09:22:31', '2025-03-21 09:22:31', '3236100e-069b-4f21-897a-e61cf3ff2014');
INSERT INTO `user_refresh_token` (`id`, `value`, `expired_at`, `created_at`, `accessTokenId`) VALUES ('8ecd84b5-6823-4394-86e8-6f41265e98d3', 'eyJhbGciOiJIUzI1NiIsInR5cCI6IkpXVCJ9.eyJ1dWlkIjoiOWIxZTc5YjYtZmU5OC00NzdlLWEwNjAtN2RjNThhYTE1MDZiIiwiaWF0IjoxNzQzMzA3OTI4LCJleHAiOjE3NDMzMTE1Mjh9.b5YWJVorxR4ANPRnYikErzvyB6CBZbHMFQ5uBoRfWe4', '2025-04-02 12:12:09', '2025-03-30 12:12:09', '24cab2ad-adc6-455e-a806-5d8a645791df');
INSERT INTO `user_refresh_token` (`id`, `value`, `expired_at`, `created_at`, `accessTokenId`) VALUES ('8f2b501e-1730-4f45-afd0-a41b8ec30a8c', 'eyJhbGciOiJIUzI1NiIsInR5cCI6IkpXVCJ9.eyJ1dWlkIjoiYWZhZjhlZDYtMjdiYS00NGFmLThjNGQtNTdmNWZkYjM4MTUzIiwiaWF0IjoxNzQyMjY5NzUyLCJleHAiOjE3NDIzNTYxNTJ9.LdEFEnS7lNRWV5Pj7QZIo9aS9NXq2k7AVtPgiNgmdzU', '2025-03-18 11:49:12', '2025-03-18 11:49:12', '0583e358-12df-4d48-8ab3-c440ce82868d');
INSERT INTO `user_refresh_token` (`id`, `value`, `expired_at`, `created_at`, `accessTokenId`) VALUES ('8fec95a7-f0e8-4750-a047-7e9aa39308d8', 'eyJhbGciOiJIUzI1NiIsInR5cCI6IkpXVCJ9.eyJ1dWlkIjoiYmYzY2JhZDktNDliOC00ZjcwLTg1MWQtMzZjYWQ3ZGI3NWEzIiwiaWF0IjoxNzQzNjU3NjM3LCJleHAiOjE3NDM2NjEyMzd9.2ISeyHZ6NK_0OzfEAZxWZybYSrK5jWrE8dSfylkpt4A', '2025-04-06 13:20:38', '2025-04-03 13:20:38', 'cff806e4-754f-4897-8e14-525d2466ffb2');
INSERT INTO `user_refresh_token` (`id`, `value`, `expired_at`, `created_at`, `accessTokenId`) VALUES ('91d4f1d8-9195-4387-9a96-f1328e270566', 'eyJhbGciOiJIUzI1NiIsInR5cCI6IkpXVCJ9.eyJ1dWlkIjoiMjM0OGEyYzAtMWJkMS00ZTQzLWJiZGEtYzNiZTBiNGFhZGNkIiwiaWF0IjoxNzQyODA2Mzg5LCJleHAiOjE3NDI4MDk5ODl9.0gywJqAonn5eOtlldiF0rZlTCptsO889OYFUf9hz0vQ', '2025-03-31 16:53:09', '2025-03-24 16:53:09', '0555b957-bea0-4b08-9ead-81bdb31893e8');
INSERT INTO `user_refresh_token` (`id`, `value`, `expired_at`, `created_at`, `accessTokenId`) VALUES ('920d8c2e-2889-4d25-87d5-7b196aa32067', 'eyJhbGciOiJIUzI1NiIsInR5cCI6IkpXVCJ9.eyJ1dWlkIjoiODcwMjk1ZDQtYTE0YS00ODM4LTg2MzItODJkZDk1OGM4OWU0IiwiaWF0IjoxNzQzOTUxODY2LCJleHAiOjE3NDM5NTU0NjZ9.dHWqjnE68Cjq-j9RQOau_ddS03-8YWwgaIwtwBLDgbk', '2025-04-09 23:04:27', '2025-04-06 23:04:27', '67b89a01-ff12-45ae-a4aa-537834a156e1');
INSERT INTO `user_refresh_token` (`id`, `value`, `expired_at`, `created_at`, `accessTokenId`) VALUES ('956272e7-eed1-4323-8b80-3762119beef2', 'eyJhbGciOiJIUzI1NiIsInR5cCI6IkpXVCJ9.eyJ1dWlkIjoiZmU3ZGEzNTUtOTZhMC00NGI0LTg0YzYtMjVhZTMwMDI1MDhhIiwiaWF0IjoxNzQ0MTA1NDEzLCJleHAiOjE3NDQxMDkwMTN9.IS6zlMpOKl1bMzfGd7CvdKmhczGChdqivkOx7QR-OkU', '2025-04-11 17:43:34', '2025-04-08 17:43:34', '15b5a279-c749-46ad-92ff-ae1e06b8bcd6');
INSERT INTO `user_refresh_token` (`id`, `value`, `expired_at`, `created_at`, `accessTokenId`) VALUES ('95c459c8-5a7b-4bb3-b949-b861ed2aead9', 'eyJhbGciOiJIUzI1NiIsInR5cCI6IkpXVCJ9.eyJ1dWlkIjoiZDhlZDkwOTUtNzExMC00ZjRhLWE0ODctZTdiMTE0MzkzZGQxIiwiaWF0IjoxNzQzNDAxNTE4LCJleHAiOjE3NDM0MDUxMTh9.HRIw7OAMFjE7-BqhIOnmSVZVxe7D7Ag76Jnb_lG7VR0', '2025-04-03 14:11:59', '2025-03-31 14:11:59', '0172840f-20f9-455d-96d5-6041e2d7367c');
INSERT INTO `user_refresh_token` (`id`, `value`, `expired_at`, `created_at`, `accessTokenId`) VALUES ('99f9532f-cb01-44c9-ba57-e1a4d776224c', 'eyJhbGciOiJIUzI1NiIsInR5cCI6IkpXVCJ9.eyJ1dWlkIjoiN2M3ZjFmNGMtYmYxMS00MDUyLTgxODQtMDYzMmI1OGZiMzYzIiwiaWF0IjoxNzQyOTAwNDk2LCJleHAiOjE3NDI5MDQwOTZ9.RKpspIZqAXMHaXYtOdFDboBpo5U5B2FuPnydm-Dg8XU', '2025-04-01 19:01:37', '2025-03-25 19:01:37', 'f72f0f23-9970-43ca-8009-ef8a2f3e2d03');
INSERT INTO `user_refresh_token` (`id`, `value`, `expired_at`, `created_at`, `accessTokenId`) VALUES ('9bec6bef-09a5-490d-af17-0ccf80e0abdc', 'eyJhbGciOiJIUzI1NiIsInR5cCI6IkpXVCJ9.eyJ1dWlkIjoiMWQ5YzY3ZGEtYTY4ZS00MjA1LWFlYmQtMGJkNzIwMTRkNDU3IiwiaWF0IjoxNzQzNzYyMjI4LCJleHAiOjE3NDM3NjU4Mjh9.rdmDWzT9gQDdfjxqzQax8ifOlQx0Nm32lSC9Hwq6Zy0', '2025-04-07 18:23:49', '2025-04-04 18:23:49', 'fe35f706-225b-4084-ab33-1918ce572e18');
INSERT INTO `user_refresh_token` (`id`, `value`, `expired_at`, `created_at`, `accessTokenId`) VALUES ('9d16d611-3612-4ddd-8fc4-21602430094c', 'eyJhbGciOiJIUzI1NiIsInR5cCI6IkpXVCJ9.eyJ1dWlkIjoiZDgxZDY3YTItZmE3OC00MGJhLWIzMTgtZWY5NzU5NGMwZTk2IiwiaWF0IjoxNzQzMjM5NzYzLCJleHAiOjE3NDMyNDMzNjN9.R6WcCCsjlJJPk8RDQde1v0lBoPxIZZVde5nfNtfw2VI', '2025-04-01 17:16:04', '2025-03-29 17:16:04', 'ccec7947-3962-4f3b-b989-534924e83ccd');
INSERT INTO `user_refresh_token` (`id`, `value`, `expired_at`, `created_at`, `accessTokenId`) VALUES ('9da81ce8-24a5-4a4d-b5a0-562f8cffb504', 'eyJhbGciOiJIUzI1NiIsInR5cCI6IkpXVCJ9.eyJ1dWlkIjoiZGVmYzZhMjUtMzNjYy00M2NlLWExOTQtZGEyMGI5YzE0OWJkIiwiaWF0IjoxNzQyOTIzMjA0LCJleHAiOjE3NDI5MjY4MDR9.a5e8336BYWITX8S1qxRQkT75Bbh0-BUTkNxVmYugObs', '2025-03-29 01:20:04', '2025-03-26 01:20:04', '3984d39f-efec-49e9-b073-3694e78e7b9a');
INSERT INTO `user_refresh_token` (`id`, `value`, `expired_at`, `created_at`, `accessTokenId`) VALUES ('a004c831-f457-4776-9a77-6f928a9ac446', 'eyJhbGciOiJIUzI1NiIsInR5cCI6IkpXVCJ9.eyJ1dWlkIjoiMGIyY2M0ZDctMmI2MC00YTE1LWFkMTQtY2JkOThkZDA1N2Y1IiwiaWF0IjoxNzQyMjc2MjQ4LCJleHAiOjE3NDIzNjI2NDh9.2bme81LIeS7EG-Ml6jfwsmqTxEa3jYoG8dh-kv4uQfQ', '2025-03-18 13:37:29', '2025-03-18 13:37:29', 'a2ffb6e4-715c-4870-9ac7-7c7ba64f7b1d');
INSERT INTO `user_refresh_token` (`id`, `value`, `expired_at`, `created_at`, `accessTokenId`) VALUES ('a308769f-9523-452d-90b1-b841b71bbacc', 'eyJhbGciOiJIUzI1NiIsInR5cCI6IkpXVCJ9.eyJ1dWlkIjoiY2JmZDM1YTktY2NlMC00MWY5LWJjMGEtYzY0ZmMwNjViNDgzIiwiaWF0IjoxNzQ0MDE1MDU1LCJleHAiOjE3NDQwMTg2NTV9.IsT5cwqZpd44uedOfGFm9zrhajJRAYvuDH6oHNUI6sY', '2025-04-10 16:37:36', '2025-04-07 16:37:36', '96ba671d-1bfa-4890-8627-6a705db5ad63');
INSERT INTO `user_refresh_token` (`id`, `value`, `expired_at`, `created_at`, `accessTokenId`) VALUES ('a419e3ba-4391-46b9-a32c-29d1ddbe31af', 'eyJhbGciOiJIUzI1NiIsInR5cCI6IkpXVCJ9.eyJ1dWlkIjoiMzJjODRlMTEtMmRkNy00OWFlLTk1YmQtMThiMDcyMGY3MmE3IiwiaWF0IjoxNzQyNzA4MDA0LCJleHAiOjE3NDI3MTE2MDR9.476HqKtLNVF8RmydNgr7WomVqSkVLDdwdcf3g40mO-I', '2025-03-30 13:33:24', '2025-03-23 13:33:24', 'd8392a24-3338-4e75-ac2e-b51ec9575df2');
INSERT INTO `user_refresh_token` (`id`, `value`, `expired_at`, `created_at`, `accessTokenId`) VALUES ('aa220b35-13f0-46d5-8204-fae1518f2016', 'eyJhbGciOiJIUzI1NiIsInR5cCI6IkpXVCJ9.eyJ1dWlkIjoiN2ExMzZiZDItNGIzOC00MjkyLWE2MzUtNTE4ZThlY2Y4YWVhIiwiaWF0IjoxNzQzNzYyNDI2LCJleHAiOjE3NDM3NjYwMjZ9.a8KojTEJICVtDL1x91wQgXwC4iisffrp1JnVQvmaqIE', '2025-04-07 18:27:07', '2025-04-04 18:27:07', '8a4da557-dfe3-4713-aa14-22c265db4f7a');
INSERT INTO `user_refresh_token` (`id`, `value`, `expired_at`, `created_at`, `accessTokenId`) VALUES ('ac095b68-60ba-450c-adfa-bcf4888156c8', 'eyJhbGciOiJIUzI1NiIsInR5cCI6IkpXVCJ9.eyJ1dWlkIjoiZTI4MDVhNGQtM2NmYS00MjdiLWFmZjAtMmVlNDVhNjUxNWJkIiwiaWF0IjoxNzQyNzk4NTU2LCJleHAiOjE3NDI4MDIxNTZ9.hn5JXecsBDqIq_zW1ggZ9I-A9tsKiV1hwqX_F0ZFQSI', '2025-03-31 14:42:37', '2025-03-24 14:42:37', '978b26a0-08b6-412d-b136-6b99cccf8e25');
INSERT INTO `user_refresh_token` (`id`, `value`, `expired_at`, `created_at`, `accessTokenId`) VALUES ('ac23fe28-ead2-4cdf-8a5f-6af2925fdf93', 'eyJhbGciOiJIUzI1NiIsInR5cCI6IkpXVCJ9.eyJ1dWlkIjoiNjNjMjZkNDMtODVlNC00MGY5LTk0YWQtZjgxMDVkMzYzOWU2IiwiaWF0IjoxNzQyNDM3NTI1LCJleHAiOjE3NDI1MjM5MjV9.LNcOpJ8SbTGEHV1tiey40tGXJjR3t3UTngN7rh9N6XA', '2025-03-27 10:25:25', '2025-03-20 10:25:25', 'f668c8f2-ca96-4faa-b699-709f905c61a4');
INSERT INTO `user_refresh_token` (`id`, `value`, `expired_at`, `created_at`, `accessTokenId`) VALUES ('acf2b698-b07e-4b4e-8456-4aeb6c61d11c', 'eyJhbGciOiJIUzI1NiIsInR5cCI6IkpXVCJ9.eyJ1dWlkIjoiMGQ2MmFhMTEtOTU5NS00NDQ2LWIwNTctODFhYmE1ZTg2NTIzIiwiaWF0IjoxNzQyNzA2MzI0LCJleHAiOjE3NDI3MDk5MjR9.ejXMvLchbasbMDYxJu6P0Muu8PUnIgvOTf7iVny-kYs', '2025-03-30 13:05:24', '2025-03-23 13:05:24', '67bd8749-42bb-41ed-a4bc-82a32552197f');
INSERT INTO `user_refresh_token` (`id`, `value`, `expired_at`, `created_at`, `accessTokenId`) VALUES ('ad7ef250-1787-4f82-994d-14ca16add18c', 'eyJhbGciOiJIUzI1NiIsInR5cCI6IkpXVCJ9.eyJ1dWlkIjoiZTMzYjJhZmItNjY5NC00ZDhlLTgwYWQtODk3ZGQ5NDQxYWVkIiwiaWF0IjoxNzQyNzA3ODA4LCJleHAiOjE3NDI3MTE0MDh9.WfAd1LKzyhuf-rg-pnuo0WJHczQA_2h0TPVbooHasOU', '2025-03-30 13:30:08', '2025-03-23 13:30:08', 'ef28cbfc-51f4-4b0a-905e-30a98427a943');
INSERT INTO `user_refresh_token` (`id`, `value`, `expired_at`, `created_at`, `accessTokenId`) VALUES ('ad9085e8-28ef-47ad-9352-d8b2fb08b08f', 'eyJhbGciOiJIUzI1NiIsInR5cCI6IkpXVCJ9.eyJ1dWlkIjoiNmZhOTVlYWQtZTM4NS00ZmUzLTkzNzctNDkyZjZkNTZmODVjIiwiaWF0IjoxNzQyNzA5NDk4LCJleHAiOjE3NDI3MTMwOTh9.B-H5Y-TBBxDycmCjoCwhxJVIBiA_9bYq6Q0xpmiBHww', '2025-03-30 13:58:18', '2025-03-23 13:58:18', 'b2423c3b-f9d0-4c55-bbdd-7c40d0095006');
INSERT INTO `user_refresh_token` (`id`, `value`, `expired_at`, `created_at`, `accessTokenId`) VALUES ('af663659-8ef8-4a66-995a-ac9f3ef92855', 'eyJhbGciOiJIUzI1NiIsInR5cCI6IkpXVCJ9.eyJ1dWlkIjoiMzRjYTlkZTQtODRlNS00OGFjLTg4ZDAtOGY0NGEzZGRjNTUyIiwiaWF0IjoxNzQzNjY3NDE4LCJleHAiOjE3NDM2NzEwMTh9.JIzFsvtu8lzXzwD1Bb1QsoxFTKnJkbgwcTyKL0LhiGs', '2025-04-06 16:03:38', '2025-04-03 16:03:38', '78b0b229-2ef8-4830-8465-7138aa5ca565');
INSERT INTO `user_refresh_token` (`id`, `value`, `expired_at`, `created_at`, `accessTokenId`) VALUES ('b235941c-f44c-45e3-8eea-46fb963ea216', 'eyJhbGciOiJIUzI1NiIsInR5cCI6IkpXVCJ9.eyJ1dWlkIjoiNzhjYjQzOTMtYmJjYS00NTg4LWI0YjQtYzg3MzBmOGFkNWMzIiwiaWF0IjoxNzQwOTkwMjgyLCJleHAiOjE3NDA5OTIwODJ9.LjzKWlTMvDhFAsUp0JG5Pc1PCTNLWzqq1tO9gVsr_i0', '2025-03-10 16:24:42', '2025-03-03 16:24:42', 'c95e13d6-c111-46b9-a145-26c6d976750b');
INSERT INTO `user_refresh_token` (`id`, `value`, `expired_at`, `created_at`, `accessTokenId`) VALUES ('b2690df2-c740-487c-9801-3a8236604cb1', 'eyJhbGciOiJIUzI1NiIsInR5cCI6IkpXVCJ9.eyJ1dWlkIjoiZWY4ZTljMjUtNDkyZC00M2UyLTlmYjYtZWFmYWNiYzFkYzMyIiwiaWF0IjoxNzQzNzQzODc3LCJleHAiOjE3NDM3NDc0Nzd9.HayyB0Xf_2K4j7L3Dy6HXwkO2xuUoYv4okgr76BWAEc', '2025-04-07 13:17:57', '2025-04-04 13:17:57', '7d53fb25-351d-470c-bed6-b1fbb761b8c6');
INSERT INTO `user_refresh_token` (`id`, `value`, `expired_at`, `created_at`, `accessTokenId`) VALUES ('b48082f6-88b4-4849-8184-58d5d1712f19', 'eyJhbGciOiJIUzI1NiIsInR5cCI6IkpXVCJ9.eyJ1dWlkIjoiNTI0NWNhOGQtZWVjMi00OTRlLTllZWItMDM4NzE1ODA1ZTgyIiwiaWF0IjoxNzQyOTEwODg4LCJleHAiOjE3NDI5MTQ0ODh9.pMBx_7Jmw6-S60Sbx1WDjh5vHlP4FdW14-5-bdDjWbs', '2025-04-01 21:54:49', '2025-03-25 21:54:49', '163b0d18-0d58-420b-95de-d4be9f5915ec');
INSERT INTO `user_refresh_token` (`id`, `value`, `expired_at`, `created_at`, `accessTokenId`) VALUES ('b58597af-f2e2-48af-885a-40b10dd5ee5b', 'eyJhbGciOiJIUzI1NiIsInR5cCI6IkpXVCJ9.eyJ1dWlkIjoiMTRlYWM2MGEtZjA4Mi00ZjAwLTk4NmEtNTY2YmRmYWVlZTdmIiwiaWF0IjoxNzQzNDcwMzEzLCJleHAiOjE3NDM0NzM5MTN9.ttrRffg6YsZ75nxOWouOCjHm9G3HsJ_zqQnrtDpds-U', '2025-04-04 09:18:34', '2025-04-01 09:18:34', '87624400-0e7f-4815-81e0-543db4acf3d3');
INSERT INTO `user_refresh_token` (`id`, `value`, `expired_at`, `created_at`, `accessTokenId`) VALUES ('b60b20c2-5092-4a61-bec6-5ebc0d96acfe', 'eyJhbGciOiJIUzI1NiIsInR5cCI6IkpXVCJ9.eyJ1dWlkIjoiOWI5ZjBlYTctNTNiNi00MWVmLWFlZTQtYjdiOTllYjkyY2Y1IiwiaWF0IjoxNzQyODY1MTU0LCJleHAiOjE3NDI4Njg3NTR9.XamfllkRJ1WvCqgrWftYnx5LnWvWcm4-DbOzQV5WObo', '2025-04-01 09:12:34', '2025-03-25 09:12:34', 'aedd1d5c-28f2-4cf9-a11a-07631806aa49');
INSERT INTO `user_refresh_token` (`id`, `value`, `expired_at`, `created_at`, `accessTokenId`) VALUES ('b72f4660-17bc-4c24-a395-77eda79e65e1', 'eyJhbGciOiJIUzI1NiIsInR5cCI6IkpXVCJ9.eyJ1dWlkIjoiYzMwODE1MTItOTYwYy00ZmQ4LWEyN2YtZDliNjg1NzViZDc1IiwiaWF0IjoxNzQyNzA3Mzc0LCJleHAiOjE3NDI3MTA5NzR9.waONtz71KKV9Sr9Ak60gMcr1CnQttcuCBk1FEdhUl1I', '2025-03-30 13:22:54', '2025-03-23 13:22:54', 'eac98676-e4d0-4834-95b2-688279f0dfac');
INSERT INTO `user_refresh_token` (`id`, `value`, `expired_at`, `created_at`, `accessTokenId`) VALUES ('b746ebd4-a227-4f27-ab69-d8786ff4b8b0', 'eyJhbGciOiJIUzI1NiIsInR5cCI6IkpXVCJ9.eyJ1dWlkIjoiY2FjNTUzNzYtYmZiMS00ZDVhLTllOWEtNzFlOTNiNTE0YzI5IiwiaWF0IjoxNzQyMjMyOTg2LCJleHAiOjE3NDIzMTkzODZ9.E_FSwh8glStNv5UGKGiO-52Vtt-XUD3sC_49V6uKsYE', '2025-03-18 01:36:26', '2025-03-18 01:36:26', 'f6143ab5-5afa-4e90-94b5-dc121f7bcd73');
INSERT INTO `user_refresh_token` (`id`, `value`, `expired_at`, `created_at`, `accessTokenId`) VALUES ('b80158af-ae19-4a51-9f90-cd4a5170fa79', 'eyJhbGciOiJIUzI1NiIsInR5cCI6IkpXVCJ9.eyJ1dWlkIjoiZGZhYjIxYjctNDg1YS00MWNiLWJkNTQtNmU3OWUwYWY0N2VkIiwiaWF0IjoxNzQyOTIwMTAzLCJleHAiOjE3NDI5MjM3MDN9.Gt8-wZjQUWE5nOeZDu5Qi7QfCdfYMkg1A_O2FkT1fCQ', '2025-03-29 00:28:24', '2025-03-26 00:28:24', '2dbde8c5-513f-4801-9d10-d467d53095d1');
INSERT INTO `user_refresh_token` (`id`, `value`, `expired_at`, `created_at`, `accessTokenId`) VALUES ('b90a6497-cd5f-4490-8b3a-265926e5ef76', 'eyJhbGciOiJIUzI1NiIsInR5cCI6IkpXVCJ9.eyJ1dWlkIjoiMjBhOTJmYWUtMWEwYi00ODBhLTlkZDktYjc0MDFjNDNlYmFmIiwiaWF0IjoxNzQwOTg2MDk1LCJleHAiOjE3NDA5ODc4OTV9.-MSYLETCvJe-YlIsaFOvc9eqGSyG6En1DUA38jy6Y_k', '2025-03-10 15:14:56', '2025-03-03 15:14:56', '4be47f35-a53f-4688-9cf2-28310b42ccfa');
INSERT INTO `user_refresh_token` (`id`, `value`, `expired_at`, `created_at`, `accessTokenId`) VALUES ('ba5491f3-38db-4996-aec0-208dbc77ca45', 'eyJhbGciOiJIUzI1NiIsInR5cCI6IkpXVCJ9.eyJ1dWlkIjoiZTgzYmYyNDktZWUwZS00YmI1LTg2OTktNjYzNmNiZThjMzliIiwiaWF0IjoxNzQ0MTExOTYxLCJleHAiOjE3NDQxMTU1NjF9.dAME9GPZEuLrmQo4BEGrVoEs0pyqZ62dCuIozwoSUnQ', '2025-04-11 19:32:42', '2025-04-08 19:32:42', '561d453e-482c-4afc-8eae-6217c2bb918e');
INSERT INTO `user_refresh_token` (`id`, `value`, `expired_at`, `created_at`, `accessTokenId`) VALUES ('ba57cfcd-d225-4aff-9f66-fcd141b0251c', 'eyJhbGciOiJIUzI1NiIsInR5cCI6IkpXVCJ9.eyJ1dWlkIjoiZTdlZjg4NzQtM2FlOC00ZjQ0LTljMzMtZDVhMDlmYzA1OWI1IiwiaWF0IjoxNzQ0MTEzMDgzLCJleHAiOjE3NDQxMTY2ODN9.eGrygnVBRBJq5RwP-bIRrxiGhR6PjYGwtEcgBFflUp0', '2025-04-11 19:51:24', '2025-04-08 19:51:24', '90d0bcad-23ad-42b7-b740-ab2859cf7d9d');
INSERT INTO `user_refresh_token` (`id`, `value`, `expired_at`, `created_at`, `accessTokenId`) VALUES ('bb95d7da-ac30-488d-9d14-d1d430f8b7e8', 'eyJhbGciOiJIUzI1NiIsInR5cCI6IkpXVCJ9.eyJ1dWlkIjoiNzVhM2FhZDQtZGQ4Ny00M2Y0LThkMDEtM2IwMjcxYzMxZjA4IiwiaWF0IjoxNzQyNzA3ODQ5LCJleHAiOjE3NDI3MTE0NDl9.vyvfBt53ctvd4f5dI7LTPlxfe3kKFblSxtsaTBfoeYM', '2025-03-30 13:30:50', '2025-03-23 13:30:50', 'cc7fb918-fa50-4b6c-9c5b-80d98e2716e8');
INSERT INTO `user_refresh_token` (`id`, `value`, `expired_at`, `created_at`, `accessTokenId`) VALUES ('bdb3d051-d3b7-4c94-baa1-bd5ff2640aee', 'eyJhbGciOiJIUzI1NiIsInR5cCI6IkpXVCJ9.eyJ1dWlkIjoiZGI0ZWFjY2UtMjI2MS00N2UzLWFlMjctMTVmYzM1ODdlZjFmIiwiaWF0IjoxNzQzNjY0MzUwLCJleHAiOjE3NDM2Njc5NTB9.Rg2hiGMn9BsWriIVzerK-B2iC1jgijm5au9IDdz24bM', '2025-04-06 15:12:31', '2025-04-03 15:12:31', '78841234-de66-463d-b397-5f800fbaf720');
INSERT INTO `user_refresh_token` (`id`, `value`, `expired_at`, `created_at`, `accessTokenId`) VALUES ('bf612a18-a792-46bb-bb3e-b152010b29c2', 'eyJhbGciOiJIUzI1NiIsInR5cCI6IkpXVCJ9.eyJ1dWlkIjoiNGFjOGEwODMtZmViNy00ZWI4LTliNTMtZjlhZmRiODM0YTBjIiwiaWF0IjoxNzQyNzA3ODM4LCJleHAiOjE3NDI3MTE0Mzh9.RtTyDvzhVwYgWbGcVNL9xuwtrqRdNbAEXwHvlvQtgbQ', '2025-03-30 13:30:39', '2025-03-23 13:30:39', '99b232f8-da86-463c-841d-d2077360d87b');
INSERT INTO `user_refresh_token` (`id`, `value`, `expired_at`, `created_at`, `accessTokenId`) VALUES ('c0e858a5-4d76-4cf6-9f80-6e90f7252def', 'eyJhbGciOiJIUzI1NiIsInR5cCI6IkpXVCJ9.eyJ1dWlkIjoiZTBhZTI0MTItMjgxMi00NzQ5LWE4MjQtYWFjNjUyNTU1MjA3IiwiaWF0IjoxNzQyNDU0OTEzLCJleHAiOjE3NDI1NDEzMTN9.GvH08aZ-6r47w2aFbIYzeCEp9nU26r8_Qfun_7ItOII', '2025-03-27 15:15:13', '2025-03-20 15:15:13', '64a1efd7-2bd7-45b6-8476-98cdacc17e39');
INSERT INTO `user_refresh_token` (`id`, `value`, `expired_at`, `created_at`, `accessTokenId`) VALUES ('c2b8eaee-b052-4210-b12e-49f63baf5f28', 'eyJhbGciOiJIUzI1NiIsInR5cCI6IkpXVCJ9.eyJ1dWlkIjoiODA0NjFmOGQtNjY3OC00ZWYyLWI2OTItNGJlZTRhZGVkMmJkIiwiaWF0IjoxNzQzOTUwMDEyLCJleHAiOjE3NDM5NTM2MTJ9.9qAQml7pYS1wExiarjuhGgnmCe9N_dVqVMSlW8hWC3k', '2025-04-09 22:33:33', '2025-04-06 22:33:33', 'd8e32b87-8e49-4646-93e0-59327d63b8c8');
INSERT INTO `user_refresh_token` (`id`, `value`, `expired_at`, `created_at`, `accessTokenId`) VALUES ('c48ff666-173f-479e-a80a-695b845ecbd7', 'eyJhbGciOiJIUzI1NiIsInR5cCI6IkpXVCJ9.eyJ1dWlkIjoiMTg1ZGNkZmUtOWE5Zi00NmMyLWIwMjMtYTMyODUxNjEyZjgzIiwiaWF0IjoxNzQyMjI3NTE0LCJleHAiOjE3NDIyMjkzMTR9.IvxA1LzIOIVzVmodN8mviAPF3t-C5QT28UpAcojPN34', '2025-03-25 00:05:15', '2025-03-18 00:05:15', '6c717b7e-1d64-4515-b796-537b3a440d58');
INSERT INTO `user_refresh_token` (`id`, `value`, `expired_at`, `created_at`, `accessTokenId`) VALUES ('c5ba48d6-1cc7-42eb-96b5-e243e268be95', 'eyJhbGciOiJIUzI1NiIsInR5cCI6IkpXVCJ9.eyJ1dWlkIjoiNDZlMTM3ZWYtZTZkMS00NDkxLWE3NTQtMDUwZGY5YmYwYjI1IiwiaWF0IjoxNzQyOTgwODQzLCJleHAiOjE3NDI5ODQ0NDN9.4uURYJz3dt69DYsZGTZh1NAFc_OjRhqZybSOUqoeaVw', '2025-03-29 17:20:44', '2025-03-26 17:20:44', 'c93c3fdc-4fa1-431b-9582-2ec0e23719ae');
INSERT INTO `user_refresh_token` (`id`, `value`, `expired_at`, `created_at`, `accessTokenId`) VALUES ('c686d2d4-6f9c-4944-ae2e-339cb204f42d', 'eyJhbGciOiJIUzI1NiIsInR5cCI6IkpXVCJ9.eyJ1dWlkIjoiYmJkYmRmZDMtZTRlYy00ODcyLTllMDMtNGZhZDIwZjQ4NzgwIiwiaWF0IjoxNzQzNjQwNzAxLCJleHAiOjE3NDM2NDQzMDF9.0n8t3L4CopVECmjrxawwFSFgSYmTuteG7rI0CxSbio0', '2025-04-06 08:38:21', '2025-04-03 08:38:21', '51d1fdd7-e67c-4ddb-8134-c73d6e70fd6c');
INSERT INTO `user_refresh_token` (`id`, `value`, `expired_at`, `created_at`, `accessTokenId`) VALUES ('c6cc83a7-938e-408a-979f-eb32061c4201', 'eyJhbGciOiJIUzI1NiIsInR5cCI6IkpXVCJ9.eyJ1dWlkIjoiNzdhYjhkZmQtMjY3My00YmUyLTgwMzYtMjI4ZTg0ODQ2YzZjIiwiaWF0IjoxNzQyODY2NjUyLCJleHAiOjE3NDI4NzAyNTJ9.EONxXxYClAYxcWp6zCCfpKV_FvY8Q56OUYMsqG5ySik', '2025-04-01 09:37:32', '2025-03-25 09:37:32', '509f7f35-3bcf-4060-8275-d7f780ddc4b5');
INSERT INTO `user_refresh_token` (`id`, `value`, `expired_at`, `created_at`, `accessTokenId`) VALUES ('c702ca96-fc93-4331-9be7-83838f538036', 'eyJhbGciOiJIUzI1NiIsInR5cCI6IkpXVCJ9.eyJ1dWlkIjoiYTU1MzFhZmYtNTZjMC00ZGFlLWIzNzUtNTZlMzdmMDRhNGYzIiwiaWF0IjoxNzQyOTUyNTIzLCJleHAiOjE3NDI5NTYxMjN9.Mf8NMdNDeZ2CUlZRd5zn7oWfTj93UbQjIi--AH9pm8w', '2025-03-29 09:28:44', '2025-03-26 09:28:44', '77ba763e-6272-4320-9a16-406404a64aec');
INSERT INTO `user_refresh_token` (`id`, `value`, `expired_at`, `created_at`, `accessTokenId`) VALUES ('c7b9dcdd-252e-492e-8477-c5684285cbfc', 'eyJhbGciOiJIUzI1NiIsInR5cCI6IkpXVCJ9.eyJ1dWlkIjoiMTMxYTFiNTEtOWMwMi00M2ExLWI4MTItYThiOTIyMTIzNTIyIiwiaWF0IjoxNzQzMTMwMjYzLCJleHAiOjE3NDMxMzM4NjN9.Zg8nyBpE-LtVTiHByXY8rRXHb63ooFTrf9u1OoGZs80', '2025-03-31 10:51:04', '2025-03-28 10:51:04', '90a282df-80d2-45b6-9299-b65ea0273b2c');
INSERT INTO `user_refresh_token` (`id`, `value`, `expired_at`, `created_at`, `accessTokenId`) VALUES ('c833ede1-67eb-4e70-a688-f945d7faea23', 'eyJhbGciOiJIUzI1NiIsInR5cCI6IkpXVCJ9.eyJ1dWlkIjoiNDIzYWQ1YjEtMmRkMS00NTkxLTgwNTctYTk4YjQxMzNlMTk5IiwiaWF0IjoxNzQyMjc4ODk4LCJleHAiOjE3NDIzNjUyOTh9.AJhEajHcYp3sylEcstd_RNNSO6UCIFQ6drnXg20QPek', '2025-03-18 14:21:38', '2025-03-18 14:21:38', 'cc5da264-9a3c-4b84-8f9a-03be250fcc19');
INSERT INTO `user_refresh_token` (`id`, `value`, `expired_at`, `created_at`, `accessTokenId`) VALUES ('c9f4bedc-1df4-47fa-91e4-af77a4fa89de', 'eyJhbGciOiJIUzI1NiIsInR5cCI6IkpXVCJ9.eyJ1dWlkIjoiNDQzNzg1ZGMtZTE1MS00NDYxLWJhMTgtYzZiOGFmZGViZmI2IiwiaWF0IjoxNzQyMzA0NTU0LCJleHAiOjE3NDIzOTA5NTR9.o5DGxeWyFdt_riHTLaZYUgmhSvsTGetFG3qPSl6Y-3g', '2025-03-18 21:29:14', '2025-03-18 21:29:14', 'e7732ff3-d270-45e9-aafd-37851efe1494');
INSERT INTO `user_refresh_token` (`id`, `value`, `expired_at`, `created_at`, `accessTokenId`) VALUES ('cb368734-95f1-40b1-8287-aebeef01c1ed', 'eyJhbGciOiJIUzI1NiIsInR5cCI6IkpXVCJ9.eyJ1dWlkIjoiZTQxM2NiNDQtNzBhMC00OGM2LTk3ZWEtMzdhYjc4ODUwYTc3IiwiaWF0IjoxNzQyNDYyOTM2LCJleHAiOjE3NDI1NDkzMzZ9.ZcEx9TmIPC2qnbeExvmriSe8Ry9rnv0Bzl6nF0kK2Oo', '2025-03-27 17:28:56', '2025-03-20 17:28:56', 'f77d561e-bd5e-422e-b7b3-dab27c088e29');
INSERT INTO `user_refresh_token` (`id`, `value`, `expired_at`, `created_at`, `accessTokenId`) VALUES ('cc845681-b7b5-459a-976e-563c7fb0ec09', 'eyJhbGciOiJIUzI1NiIsInR5cCI6IkpXVCJ9.eyJ1dWlkIjoiNWQ5MWNiMDktODJhYi00ZjFiLTkzNzktZDFhY2MyNjMxNGMzIiwiaWF0IjoxNzQxMDA5Mjk0LCJleHAiOjE3NDEwMTEwOTR9.zfwVApmVXWzcjXlLfDHWkt1IYq8zVySUwCWPQi1Lxfs', '2025-03-10 21:41:35', '2025-03-03 21:41:35', 'bf3f415a-c8c4-44f5-b6db-b806559b2a18');
INSERT INTO `user_refresh_token` (`id`, `value`, `expired_at`, `created_at`, `accessTokenId`) VALUES ('cf8af97f-1fd6-457f-b600-445c8e4554a2', 'eyJhbGciOiJIUzI1NiIsInR5cCI6IkpXVCJ9.eyJ1dWlkIjoiNWYyYjEzMzItNGZkMS00MDhiLWFjMzktOTZmYTRlNDQxMjVjIiwiaWF0IjoxNzQyOTc5NjE4LCJleHAiOjE3NDI5ODMyMTh9.EYQKoa-h_nSAWtEvXEwz31K-v1lYQDYircmIo9o5Jqg', '2025-03-29 17:00:18', '2025-03-26 17:00:18', 'f0fda403-3bb9-4558-96f1-0665566bee34');
INSERT INTO `user_refresh_token` (`id`, `value`, `expired_at`, `created_at`, `accessTokenId`) VALUES ('d35d8696-f432-45e6-8888-92c648a3e233', 'eyJhbGciOiJIUzI1NiIsInR5cCI6IkpXVCJ9.eyJ1dWlkIjoiNTU3YzVmNGYtNDM5NC00ZDg2LWFhZWMtYWE3MzUwYzQ4MjFhIiwiaWF0IjoxNzQzODIwOTYwLCJleHAiOjE3NDM4MjQ1NjB9.ysQDEJ1cNWtJNLIQt1pYD_ZodgPGgjw9CayQ3jmmb3g', '2025-04-08 10:42:40', '2025-04-05 10:42:40', '6b90a86c-78a3-47f6-afc9-4b449238f4c7');
INSERT INTO `user_refresh_token` (`id`, `value`, `expired_at`, `created_at`, `accessTokenId`) VALUES ('d59a6210-0389-4269-ba61-eb86a4988046', 'eyJhbGciOiJIUzI1NiIsInR5cCI6IkpXVCJ9.eyJ1dWlkIjoiYzI4ZDBjZDQtNjYwMS00M2QxLWJlMDQtZDU5MmYyNjdmNzc2IiwiaWF0IjoxNzQyMDk0MjY0LCJleHAiOjE3NDIwOTYwNjR9.9B1eaOHbRElrzLavdNgeKgGy946t2ovzBOmXQk1p5qo', '2025-03-23 11:04:25', '2025-03-16 11:04:25', '1e651335-38b7-41a5-bace-3607c249c37f');
INSERT INTO `user_refresh_token` (`id`, `value`, `expired_at`, `created_at`, `accessTokenId`) VALUES ('d83cf144-6bbb-4862-977c-7ef54948c0e4', 'eyJhbGciOiJIUzI1NiIsInR5cCI6IkpXVCJ9.eyJ1dWlkIjoiMDdkZGJkMzEtYjBiMy00Y2VjLWEzYzctODU0ODgxMDE0ZDMyIiwiaWF0IjoxNzQyNzA1NzAwLCJleHAiOjE3NDI3MDkzMDB9.sqMdApgDm0O8Wuqzf1EMXGLv3De71mTw2MnU4AYimlE', '2025-03-30 12:55:01', '2025-03-23 12:55:01', '00e7b452-cdab-4743-95f9-e74fc3f81d3f');
INSERT INTO `user_refresh_token` (`id`, `value`, `expired_at`, `created_at`, `accessTokenId`) VALUES ('d9a27bf2-ebb7-41e3-bbe6-a287c71d7fce', 'eyJhbGciOiJIUzI1NiIsInR5cCI6IkpXVCJ9.eyJ1dWlkIjoiZGU5NWJiYmQtNThmYy00OTdkLWEzYTEtMDA3ZDdlMzg0NDdlIiwiaWF0IjoxNzQyNzA5NTM1LCJleHAiOjE3NDI3MTMxMzV9.-egDpkbz4CUhxEeB-RUimRmUOAXFVaDgukI5mhQz76E', '2025-03-30 13:58:56', '2025-03-23 13:58:56', 'e7652ee9-4f58-49fd-965b-4aa5098dec4c');
INSERT INTO `user_refresh_token` (`id`, `value`, `expired_at`, `created_at`, `accessTokenId`) VALUES ('da22a96e-e73c-4f79-9000-2283d10fbc5d', 'eyJhbGciOiJIUzI1NiIsInR5cCI6IkpXVCJ9.eyJ1dWlkIjoiNTVhYmJlZGMtMjMzMC00MGE0LWI4MjAtMzA0MDNhYjk5NTI5IiwiaWF0IjoxNzQyNjg5OTc3LCJleHAiOjE3NDI2OTM1Nzd9.Fve1KQccTBjMFObXpfuIzGpmlN4M5L_61Ga8Pd0WvmQ', '2025-03-30 08:32:57', '2025-03-23 08:32:57', '3ff802cd-cae9-4344-91eb-d84de025d796');
INSERT INTO `user_refresh_token` (`id`, `value`, `expired_at`, `created_at`, `accessTokenId`) VALUES ('de02b57f-084c-4afe-8c7b-1d575a25be77', 'eyJhbGciOiJIUzI1NiIsInR5cCI6IkpXVCJ9.eyJ1dWlkIjoiZDNmOTcwYjktMTRmMS00NjZiLTgyMGItN2IxYTRkNjkzNThiIiwiaWF0IjoxNzQzNDg5MDM5LCJleHAiOjE3NDM0OTI2Mzl9.NO184ATbkw6I6c6iowhQlC1tDPAMnmVCOJMbunI-ysM', '2025-04-04 14:30:39', '2025-04-01 14:30:39', '4c459c13-f49e-4306-ba31-a11fa5fba4b1');
INSERT INTO `user_refresh_token` (`id`, `value`, `expired_at`, `created_at`, `accessTokenId`) VALUES ('de87f85c-4169-4d15-82e5-774a8ff3c823', 'eyJhbGciOiJIUzI1NiIsInR5cCI6IkpXVCJ9.eyJ1dWlkIjoiOTNjODBjZTItYjM5My00NTEzLTgwYmMtNTVkMzYxNzlkYWM5IiwiaWF0IjoxNzQzNTI1NjIyLCJleHAiOjE3NDM1MjkyMjJ9.yNDiB39KduuaJfeo2m9p1PDcJC3CHmcHaE1u41gmBtM', '2025-04-05 00:40:22', '2025-04-02 00:40:22', '004b81e6-8611-46b0-b25d-d8f9f568431b');
INSERT INTO `user_refresh_token` (`id`, `value`, `expired_at`, `created_at`, `accessTokenId`) VALUES ('dff08058-ba90-4e1f-bc0d-ce7921adad2c', 'eyJhbGciOiJIUzI1NiIsInR5cCI6IkpXVCJ9.eyJ1dWlkIjoiY2ZmZmY3N2QtN2IzOS00MTY2LWFlZjUtMjNmMmQ5MzIxNTVkIiwiaWF0IjoxNzQyMjc0NjI4LCJleHAiOjE3NDIzNjEwMjh9.7Tf1GYStKltJQLQhx052rW3tg4gghktCc7xFlqDUhBc', '2025-03-18 13:10:28', '2025-03-18 13:10:28', '2362a089-eba7-4692-bca2-1f5cf424b821');
INSERT INTO `user_refresh_token` (`id`, `value`, `expired_at`, `created_at`, `accessTokenId`) VALUES ('e04d0e56-a3be-4239-bc23-d826b6c96a14', 'eyJhbGciOiJIUzI1NiIsInR5cCI6IkpXVCJ9.eyJ1dWlkIjoiNWYzMTY0ZDgtZDQ1Ny00M2JiLWEwNzktNzU3NzdmNTcwY2FlIiwiaWF0IjoxNzQzMTQ4Mjg2LCJleHAiOjE3NDMxNTE4ODZ9.4CBmY5hYiMLou5brEZzWrdj1rjnbqQYfZ_ktWuXiiG0', '2025-03-31 15:51:27', '2025-03-28 15:51:27', '8fc35fc9-5f33-4e9d-9cac-97a05da2b70e');
INSERT INTO `user_refresh_token` (`id`, `value`, `expired_at`, `created_at`, `accessTokenId`) VALUES ('e3e12882-4478-4170-b858-0aec5a38f077', 'eyJhbGciOiJIUzI1NiIsInR5cCI6IkpXVCJ9.eyJ1dWlkIjoiMjkwMjQyZWEtMjk4Ny00Zjk0LWE0YzEtOGFlZGZkZDM3M2Q2IiwiaWF0IjoxNzQzNjQ1ODAxLCJleHAiOjE3NDM2NDk0MDF9.P3zI0bSUOuHVfs44sLA8Q_ffUx4l8JoFY2JVrJT5DVA', '2025-04-06 10:03:22', '2025-04-03 10:03:22', '7ee7e6cb-1269-422c-a0b2-3412866eec05');
INSERT INTO `user_refresh_token` (`id`, `value`, `expired_at`, `created_at`, `accessTokenId`) VALUES ('e4b04df0-aa93-48e5-801f-8b7d701bad5f', 'eyJhbGciOiJIUzI1NiIsInR5cCI6IkpXVCJ9.eyJ1dWlkIjoiYTEzNzNiYmItYzhjMS00NDFhLWJmYzctMTI2NWIxMGIyZDEzIiwiaWF0IjoxNzQyNzEwNjAxLCJleHAiOjE3NDI3MTQyMDF9.Bjwo4JtiMvBo2ViTNd0xjq6cvECu-g0dWSPrDw64uNo', '2025-03-30 14:16:42', '2025-03-23 14:16:42', 'dfb24f54-dd6a-43d6-a2d1-54399a22e7bb');
INSERT INTO `user_refresh_token` (`id`, `value`, `expired_at`, `created_at`, `accessTokenId`) VALUES ('e7a08953-1e44-4bb8-9cad-57ed7e947154', 'eyJhbGciOiJIUzI1NiIsInR5cCI6IkpXVCJ9.eyJ1dWlkIjoiMGE4Y2M2ZjMtZjVmMy00NTdhLWEzMTMtZWI3MDdhMzdjMWJlIiwiaWF0IjoxNzQwODQyNzY3LCJleHAiOjE3NDA4NDQ1Njd9.p3ZPjzzEKBaTPmCxxhZ8g5oO43qf6sktlJr6M1UsRSs', '2025-03-08 23:26:07', '2025-03-01 23:26:07', '5025d60c-69b2-4253-9e88-7acea1137810');
INSERT INTO `user_refresh_token` (`id`, `value`, `expired_at`, `created_at`, `accessTokenId`) VALUES ('e80ab4ad-b619-4c7c-b1c6-bdf1dd55570a', 'eyJhbGciOiJIUzI1NiIsInR5cCI6IkpXVCJ9.eyJ1dWlkIjoiMzZiNDE4MTAtMDdhZC00MmVkLWE1OWItY2NkMWUzNGIyZmEwIiwiaWF0IjoxNzQzNDk2NjM3LCJleHAiOjE3NDM1MDAyMzd9.9xviZZDN5piKV3M2UOwcvcBy382afQara6SFjfXDC9w', '2025-04-04 16:37:18', '2025-04-01 16:37:18', '5c6793f0-10fa-494e-9d32-2396078df36f');
INSERT INTO `user_refresh_token` (`id`, `value`, `expired_at`, `created_at`, `accessTokenId`) VALUES ('ea40aaa9-06cf-4d0a-956a-cf09be837548', 'eyJhbGciOiJIUzI1NiIsInR5cCI6IkpXVCJ9.eyJ1dWlkIjoiYWMzMmM5NjYtZTJiOS00ZGQ0LWJiNmUtMmU5OGZhMjA4Y2VlIiwiaWF0IjoxNzQ0MDI0NDQ4LCJleHAiOjE3NDQwMjgwNDh9.uZgsXKbsSUXDaug0Xu_2NyLVq1Nd2A9n2wv9CgKSSmk', '2025-04-10 19:14:08', '2025-04-07 19:14:08', '16ace2c1-0ec1-4ee9-9e25-7e2145890d06');
INSERT INTO `user_refresh_token` (`id`, `value`, `expired_at`, `created_at`, `accessTokenId`) VALUES ('eaabd67f-d8cc-4284-be99-2faabc0ae56e', 'eyJhbGciOiJIUzI1NiIsInR5cCI6IkpXVCJ9.eyJ1dWlkIjoiOTE5MWNjOTktOGM1MS00ZWJiLWI5YzYtMWVlNDMxNmIzNmEyIiwiaWF0IjoxNzQzMjE1Mzg1LCJleHAiOjE3NDMyMTg5ODV9.U5rmHfL_gZCJ_Dk6PgLbALBt8cR-89gtH1TWATMWAFs', '2025-04-01 10:29:45', '2025-03-29 10:29:45', '07bd137b-e7e0-4c19-af1c-88e097c03284');
INSERT INTO `user_refresh_token` (`id`, `value`, `expired_at`, `created_at`, `accessTokenId`) VALUES ('eb483bdd-eed8-4531-a353-034d5e519c63', 'eyJhbGciOiJIUzI1NiIsInR5cCI6IkpXVCJ9.eyJ1dWlkIjoiYjY1YzNlNWItZTQ4ZS00ODljLWIyZDAtZTgzMmZmZjE0MDcxIiwiaWF0IjoxNzQzNjU3NjM2LCJleHAiOjE3NDM2NjEyMzZ9.48Ub5wKF0kqRaATFZW622BvXO2tYQGvrohTv_Jb_V8A', '2025-04-06 13:20:37', '2025-04-03 13:20:37', '50ba0a45-0b1a-4bf1-918e-fb82bff1049c');
INSERT INTO `user_refresh_token` (`id`, `value`, `expired_at`, `created_at`, `accessTokenId`) VALUES ('ec6dc817-1ff0-4f1e-ae55-8fa94e3c9ab3', 'eyJhbGciOiJIUzI1NiIsInR5cCI6IkpXVCJ9.eyJ1dWlkIjoiZTI2YTEwZWYtMWYwZi00MmQwLTlkZDUtZGZkMDhjODc4MzdlIiwiaWF0IjoxNzQyNzA3NTgzLCJleHAiOjE3NDI3MTExODN9.p0bbstp5ky-qrFCMzZzGM3v0qS8HDSZFMHlAZ5KU2Is', '2025-03-30 13:26:24', '2025-03-23 13:26:24', 'a7e13207-ffe8-4c19-bf24-38306b93f747');
INSERT INTO `user_refresh_token` (`id`, `value`, `expired_at`, `created_at`, `accessTokenId`) VALUES ('ecde3c80-ef2a-4409-b452-94504e0c4df5', 'eyJhbGciOiJIUzI1NiIsInR5cCI6IkpXVCJ9.eyJ1dWlkIjoiNjY0YzM2YTctNTA0Ni00Nzk0LWIzYWYtODQ5YjM5MDkzYzljIiwiaWF0IjoxNzQ0MTE5MzUzLCJleHAiOjE3NDQxMjI5NTN9.ABhaLSpOGjTiFZ9PTXLc3IRXMVdyTDEFaAX7tjBIxhQ', '2025-04-11 21:35:53', '2025-04-08 21:35:53', 'fc2391b8-282f-47e2-bda5-188d29c2a106');
INSERT INTO `user_refresh_token` (`id`, `value`, `expired_at`, `created_at`, `accessTokenId`) VALUES ('f4bcbc41-d582-40f0-8b2c-a4ba4d561a46', 'eyJhbGciOiJIUzI1NiIsInR5cCI6IkpXVCJ9.eyJ1dWlkIjoiZGVkZGE0MzgtZjM5My00YzgwLWFiYzctYWEyZWM3MTJmNDYyIiwiaWF0IjoxNzQzNTg2MTIyLCJleHAiOjE3NDM1ODk3MjJ9.TLuXhreoa6rvVohjmIPAbmkD46MeEkNaOsaQWzSuuG8', '2025-04-05 17:28:43', '2025-04-02 17:28:43', '03727413-9552-44fa-9742-6f50d2197a7c');
INSERT INTO `user_refresh_token` (`id`, `value`, `expired_at`, `created_at`, `accessTokenId`) VALUES ('f6563960-f193-4d3b-b661-245aaed7ade9', 'eyJhbGciOiJIUzI1NiIsInR5cCI6IkpXVCJ9.eyJ1dWlkIjoiMTI3OTg5N2MtZThlYS00MWYzLWJkZWItZjE2MGQ1MTg4ZmVmIiwiaWF0IjoxNzQ0MDE1NTQ0LCJleHAiOjE3NDQwMTkxNDR9.iXWYc7uze9YkyYJVTjCOUUkiNDXYPyN0ht4e-JFHgyA', '2025-04-10 16:45:44', '2025-04-07 16:45:44', '18dd8d40-b0ea-4ddf-8fec-afa20a965d2e');
INSERT INTO `user_refresh_token` (`id`, `value`, `expired_at`, `created_at`, `accessTokenId`) VALUES ('f753ae3f-bb41-4971-8122-f64221002577', 'eyJhbGciOiJIUzI1NiIsInR5cCI6IkpXVCJ9.eyJ1dWlkIjoiOTA5NmVhNzQtYTRlOS00Y2NhLThhMDgtZjQwYmQwOWZhYzU3IiwiaWF0IjoxNzQ0MDIzNDA2LCJleHAiOjE3NDQwMjcwMDZ9.6KM30HfixEJ0t6zfDfT2dq4wSNm7a6w0Lxz089hPDZM', '2025-04-10 18:56:47', '2025-04-07 18:56:47', '37afe5c5-0244-4118-bf7d-14a22396d12e');
INSERT INTO `user_refresh_token` (`id`, `value`, `expired_at`, `created_at`, `accessTokenId`) VALUES ('fbbfc287-58bc-4371-a3c7-4d218dc2f89c', 'eyJhbGciOiJIUzI1NiIsInR5cCI6IkpXVCJ9.eyJ1dWlkIjoiZmNlMmU0MjMtODcwMC00Y2NmLTljOTctYTc3ZWJhYzRiYTE3IiwiaWF0IjoxNzQyOTA1NTgyLCJleHAiOjE3NDI5MDkxODJ9.5_WrNvgh8SjAo5hExmn8y4QsK572gu3Y8QOKxiOlwMs', '2025-04-01 20:26:22', '2025-03-25 20:26:22', '1084e9a8-57d2-4b28-b0c5-ce53b2a372c5');
INSERT INTO `user_refresh_token` (`id`, `value`, `expired_at`, `created_at`, `accessTokenId`) VALUES ('fc402c69-17fb-4a54-bb35-2ced4f763e51', 'eyJhbGciOiJIUzI1NiIsInR5cCI6IkpXVCJ9.eyJ1dWlkIjoiN2RiODViYjctN2UwNy00OWNjLThhMGMtMDAwOGYwMDc5Y2ViIiwiaWF0IjoxNzQyNjk0NzA4LCJleHAiOjE3NDI2OTgzMDh9.Sc4c8cqPEVDe5-P9gbd5cTIA-n1XZHI2mxM4an_RqXY', '2025-03-30 09:51:49', '2025-03-23 09:51:49', '73cc8e3c-28e2-4044-9e84-9ffb07bed26d');
INSERT INTO `user_refresh_token` (`id`, `value`, `expired_at`, `created_at`, `accessTokenId`) VALUES ('fe68edfb-220a-43b5-a94a-6d33d68ac171', 'eyJhbGciOiJIUzI1NiIsInR5cCI6IkpXVCJ9.eyJ1dWlkIjoiNjgzODMxZTMtN2NhYi00MjViLThjZWYtOWU3Y2JlZDFiNjZjIiwiaWF0IjoxNzQzNTgwNjIxLCJleHAiOjE3NDM1ODQyMjF9.F3QX6JjUzH8_X4c_40wem2qm8b609YVQ3z-Vvg-qVsE', '2025-04-05 15:57:02', '2025-04-02 15:57:02', '84b4f5a3-a684-4ab6-a03f-d5ee3fb252ba');
COMMIT;

SET FOREIGN_KEY_CHECKS = 1;
